<?xml version="1.0" encoding="UTF-8"?>
<osm version="0.6" generator="openstreetmap-cgimap 2.1.0 (18258 spike-07.openstreetmap.org)" copyright="OpenStreetMap and contributors" attribution="http://www.openstreetmap.org/copyright" license="http://opendatacommons.org/licenses/odbl/1-0/">
 <bounds minlat="9.8804600" minlon="78.0784800" maxlat="9.8858100" maxlon="78.0844300"/>
 <node id="353194998" visible="true" version="4" changeset="78385600" timestamp="2019-12-13T16:53:03Z" user="Ti_Ru" uid="7575709" lat="9.8856186" lon="78.0790333"/>
 <node id="353195000" visible="true" version="3" changeset="78385600" timestamp="2019-12-13T16:53:03Z" user="Ti_Ru" uid="7575709" lat="9.8855611" lon="78.0804550"/>
 <node id="353195001" visible="true" version="3" changeset="78385600" timestamp="2019-12-13T16:53:03Z" user="Ti_Ru" uid="7575709" lat="9.8855565" lon="78.0806676"/>
 <node id="353195029" visible="true" version="3" changeset="78385600" timestamp="2019-12-13T16:53:03Z" user="Ti_Ru" uid="7575709" lat="9.8855051" lon="78.0807953"/>
 <node id="353195053" visible="true" version="3" changeset="78385600" timestamp="2019-12-13T16:53:03Z" user="Ti_Ru" uid="7575709" lat="9.8854354" lon="78.0808315"/>
 <node id="353195055" visible="true" version="3" changeset="78385600" timestamp="2019-12-13T16:53:03Z" user="Ti_Ru" uid="7575709" lat="9.8852645" lon="78.0808379"/>
 <node id="353195063" visible="true" version="3" changeset="78385600" timestamp="2019-12-13T16:53:03Z" user="Ti_Ru" uid="7575709" lat="9.8827670" lon="78.0819483"/>
 <node id="353195083" visible="true" version="2" changeset="78385600" timestamp="2019-12-13T16:53:03Z" user="Ti_Ru" uid="7575709" lat="9.8827529" lon="78.0824599"/>
 <node id="353195093" visible="true" version="2" changeset="78385600" timestamp="2019-12-13T16:53:03Z" user="Ti_Ru" uid="7575709" lat="9.8824788" lon="78.0824436"/>
 <node id="353195133" visible="true" version="3" changeset="128517151" timestamp="2022-11-05T11:42:46Z" user="harshavardhan200604tt" uid="17587423" lat="9.8821643" lon="78.0832677"/>
 <node id="353195270" visible="true" version="3" changeset="78385600" timestamp="2019-12-13T16:53:03Z" user="Ti_Ru" uid="7575709" lat="9.8827146" lon="78.0827159"/>
 <node id="353195288" visible="true" version="3" changeset="78385600" timestamp="2019-12-13T16:53:03Z" user="Ti_Ru" uid="7575709" lat="9.8826948" lon="78.0831579"/>
 <node id="353195290" visible="true" version="3" changeset="78385600" timestamp="2019-12-13T16:53:03Z" user="Ti_Ru" uid="7575709" lat="9.8828514" lon="78.0831631"/>
 <node id="2178158101" visible="true" version="3" changeset="135434692" timestamp="2023-04-27T16:08:19Z" user="gbas" uid="19080331" lat="9.8857391" lon="78.0763005"/>
 <node id="2517275612" visible="true" version="2" changeset="78385600" timestamp="2019-12-13T16:53:03Z" user="Ti_Ru" uid="7575709" lat="9.8769164" lon="78.0814074"/>
 <node id="2517275613" visible="true" version="1" changeset="18674079" timestamp="2013-11-02T12:18:16Z" user="sk_trav" uid="249458" lat="9.8772357" lon="78.0813426"/>
 <node id="2517275614" visible="true" version="1" changeset="18674079" timestamp="2013-11-02T12:18:16Z" user="sk_trav" uid="249458" lat="9.8774740" lon="78.0813553"/>
 <node id="2517275615" visible="true" version="1" changeset="18674079" timestamp="2013-11-02T12:18:16Z" user="sk_trav" uid="249458" lat="9.8779330" lon="78.0814903"/>
 <node id="2517275616" visible="true" version="1" changeset="18674079" timestamp="2013-11-02T12:18:16Z" user="sk_trav" uid="249458" lat="9.8781663" lon="78.0815845"/>
 <node id="2517275617" visible="true" version="1" changeset="18674079" timestamp="2013-11-02T12:18:16Z" user="sk_trav" uid="249458" lat="9.8784021" lon="78.0816965"/>
 <node id="2517275618" visible="true" version="1" changeset="18674079" timestamp="2013-11-02T12:18:16Z" user="sk_trav" uid="249458" lat="9.8787633" lon="78.0817220"/>
 <node id="2517275619" visible="true" version="1" changeset="18674079" timestamp="2013-11-02T12:18:16Z" user="sk_trav" uid="249458" lat="9.8791245" lon="78.0817933"/>
 <node id="2517275620" visible="true" version="1" changeset="18674079" timestamp="2013-11-02T12:18:16Z" user="sk_trav" uid="249458" lat="9.8793000" lon="78.0818875"/>
 <node id="2517275621" visible="true" version="1" changeset="18674079" timestamp="2013-11-02T12:18:16Z" user="sk_trav" uid="249458" lat="9.8795960" lon="78.0819893"/>
 <node id="2517275622" visible="true" version="1" changeset="18674079" timestamp="2013-11-02T12:18:16Z" user="sk_trav" uid="249458" lat="9.8799171" lon="78.0821064"/>
 <node id="2517275625" visible="true" version="1" changeset="18674079" timestamp="2013-11-02T12:18:16Z" user="sk_trav" uid="249458" lat="9.8801629" lon="78.0821522"/>
 <node id="2517275627" visible="true" version="1" changeset="18674079" timestamp="2013-11-02T12:18:16Z" user="sk_trav" uid="249458" lat="9.8803686" lon="78.0822261"/>
 <node id="2517275628" visible="true" version="1" changeset="18674079" timestamp="2013-11-02T12:18:16Z" user="sk_trav" uid="249458" lat="9.8805968" lon="78.0822872"/>
 <node id="2517275630" visible="true" version="1" changeset="18674079" timestamp="2013-11-02T12:18:16Z" user="sk_trav" uid="249458" lat="9.8807599" lon="78.0823890"/>
 <node id="2517275631" visible="true" version="1" changeset="18674079" timestamp="2013-11-02T12:18:16Z" user="sk_trav" uid="249458" lat="9.8808334" lon="78.0825759"/>
 <node id="2517275632" visible="true" version="1" changeset="18674079" timestamp="2013-11-02T12:18:16Z" user="sk_trav" uid="249458" lat="9.8809008" lon="78.0826498"/>
 <node id="2517275633" visible="true" version="1" changeset="18674079" timestamp="2013-11-02T12:18:16Z" user="sk_trav" uid="249458" lat="9.8810267" lon="78.0826894"/>
 <node id="2517275634" visible="true" version="2" changeset="135434692" timestamp="2023-04-27T16:08:19Z" user="gbas" uid="19080331" lat="9.8814199" lon="78.0827009"/>
 <node id="2517275638" visible="true" version="2" changeset="78385600" timestamp="2019-12-13T16:53:03Z" user="Ti_Ru" uid="7575709" lat="9.8813855" lon="78.0832804"/>
 <node id="2517275641" visible="true" version="2" changeset="135434692" timestamp="2023-04-27T16:08:19Z" user="gbas" uid="19080331" lat="9.8815035" lon="78.0827839"/>
 <node id="2517275643" visible="true" version="1" changeset="18674079" timestamp="2013-11-02T12:18:16Z" user="sk_trav" uid="249458" lat="9.8817093" lon="78.0833810"/>
 <node id="2517275644" visible="true" version="1" changeset="18674079" timestamp="2013-11-02T12:18:16Z" user="sk_trav" uid="249458" lat="9.8823414" lon="78.0833504"/>
 <node id="2517275654" visible="true" version="1" changeset="18674079" timestamp="2013-11-02T12:18:17Z" user="sk_trav" uid="249458" lat="9.8831190" lon="78.0833606"/>
 <node id="2517275656" visible="true" version="1" changeset="18674079" timestamp="2013-11-02T12:18:17Z" user="sk_trav" uid="249458" lat="9.8831276" lon="78.0832713"/>
 <node id="2517275658" visible="true" version="1" changeset="18674079" timestamp="2013-11-02T12:18:17Z" user="sk_trav" uid="249458" lat="9.8831728" lon="78.0824107"/>
 <node id="2517275659" visible="true" version="2" changeset="78385600" timestamp="2019-12-13T16:53:03Z" user="Ti_Ru" uid="7575709" lat="9.8832051" lon="78.0807299"/>
 <node id="2517275661" visible="true" version="1" changeset="18674079" timestamp="2013-11-02T12:18:17Z" user="sk_trav" uid="249458" lat="9.8831979" lon="78.0817539"/>
 <node id="4933102169" visible="true" version="1" changeset="49778567" timestamp="2017-06-23T19:25:53Z" user="Arun Balaji" uid="3427745" lat="9.8857779" lon="78.0792176"/>
 <node id="4933102170" visible="true" version="1" changeset="49778567" timestamp="2017-06-23T19:25:53Z" user="Arun Balaji" uid="3427745" lat="9.8859809" lon="78.0792542"/>
 <node id="4933102171" visible="true" version="1" changeset="49778567" timestamp="2017-06-23T19:25:53Z" user="Arun Balaji" uid="3427745" lat="9.8861171" lon="78.0792750"/>
 <node id="4933102172" visible="true" version="2" changeset="135434692" timestamp="2023-04-27T16:08:19Z" user="gbas" uid="19080331" lat="9.8861905" lon="78.0793438"/>
 <node id="4933102173" visible="true" version="2" changeset="135434692" timestamp="2023-04-27T16:08:19Z" user="gbas" uid="19080331" lat="9.8861854" lon="78.0795071"/>
 <node id="4933102174" visible="true" version="1" changeset="49778567" timestamp="2017-06-23T19:25:53Z" user="Arun Balaji" uid="3427745" lat="9.8859552" lon="78.0803003"/>
 <node id="4933102175" visible="true" version="1" changeset="49778567" timestamp="2017-06-23T19:25:53Z" user="Arun Balaji" uid="3427745" lat="9.8859295" lon="78.0805012"/>
 <node id="4933102176" visible="true" version="1" changeset="49778567" timestamp="2017-06-23T19:25:54Z" user="Arun Balaji" uid="3427745" lat="9.8859346" lon="78.0807125"/>
 <node id="4933102177" visible="true" version="1" changeset="49778567" timestamp="2017-06-23T19:25:54Z" user="Arun Balaji" uid="3427745" lat="9.8858627" lon="78.0809030"/>
 <node id="4933102178" visible="true" version="1" changeset="49778567" timestamp="2017-06-23T19:25:54Z" user="Arun Balaji" uid="3427745" lat="9.8856134" lon="78.0813152"/>
 <node id="4933102179" visible="true" version="1" changeset="49778567" timestamp="2017-06-23T19:25:54Z" user="Arun Balaji" uid="3427745" lat="9.8853307" lon="78.0816543"/>
 <node id="4933102180" visible="true" version="1" changeset="49778567" timestamp="2017-06-23T19:25:54Z" user="Arun Balaji" uid="3427745" lat="9.8851302" lon="78.0818578"/>
 <node id="4933102181" visible="true" version="1" changeset="49778567" timestamp="2017-06-23T19:25:54Z" user="Arun Balaji" uid="3427745" lat="9.8848629" lon="78.0819074"/>
 <node id="4933102182" visible="true" version="1" changeset="49778567" timestamp="2017-06-23T19:25:54Z" user="Arun Balaji" uid="3427745" lat="9.8846393" lon="78.0819674"/>
 <node id="4933102183" visible="true" version="1" changeset="49778567" timestamp="2017-06-23T19:25:54Z" user="Arun Balaji" uid="3427745" lat="9.8843463" lon="78.0821135"/>
 <node id="4933102184" visible="true" version="2" changeset="135479832" timestamp="2023-04-28T18:11:23Z" user="gbas" uid="19080331" lat="9.8841475" lon="78.0824291"/>
 <node id="4933102185" visible="true" version="1" changeset="49778567" timestamp="2017-06-23T19:25:54Z" user="Arun Balaji" uid="3427745" lat="9.8839891" lon="78.0825935"/>
 <node id="4933102186" visible="true" version="2" changeset="135479832" timestamp="2023-04-28T18:11:23Z" user="gbas" uid="19080331" lat="9.8837348" lon="78.0829265"/>
 <node id="4933102189" visible="true" version="1" changeset="49778567" timestamp="2017-06-23T19:25:54Z" user="Arun Balaji" uid="3427745" lat="9.8836292" lon="78.0832353"/>
 <node id="4933102190" visible="true" version="1" changeset="49778567" timestamp="2017-06-23T19:25:54Z" user="Arun Balaji" uid="3427745" lat="9.8833517" lon="78.0835718"/>
 <node id="4933102191" visible="true" version="1" changeset="49778567" timestamp="2017-06-23T19:25:54Z" user="Arun Balaji" uid="3427745" lat="9.8831024" lon="78.0839058"/>
 <node id="4933102192" visible="true" version="2" changeset="135479409" timestamp="2023-04-28T17:55:34Z" user="gbas" uid="19080331" lat="9.8830218" lon="78.0839957"/>
 <node id="4933102193" visible="true" version="1" changeset="49778567" timestamp="2017-06-23T19:25:54Z" user="Arun Balaji" uid="3427745" lat="9.8827631" lon="78.0840754"/>
 <node id="4933102194" visible="true" version="1" changeset="49778567" timestamp="2017-06-23T19:25:54Z" user="Arun Balaji" uid="3427745" lat="9.8824573" lon="78.0841093"/>
 <node id="4933102195" visible="true" version="1" changeset="49778567" timestamp="2017-06-23T19:25:54Z" user="Arun Balaji" uid="3427745" lat="9.8822157" lon="78.0841458"/>
 <node id="4933102196" visible="true" version="2" changeset="135479409" timestamp="2023-04-28T17:55:34Z" user="gbas" uid="19080331" lat="9.8821031" lon="78.0841390"/>
 <node id="4933102197" visible="true" version="1" changeset="49778567" timestamp="2017-06-23T19:25:54Z" user="Arun Balaji" uid="3427745" lat="9.8817145" lon="78.0839684"/>
 <node id="4933102198" visible="true" version="1" changeset="49778567" timestamp="2017-06-23T19:25:54Z" user="Arun Balaji" uid="3427745" lat="9.8815577" lon="78.0838771"/>
 <node id="4933102199" visible="true" version="1" changeset="49778567" timestamp="2017-06-23T19:25:54Z" user="Arun Balaji" uid="3427745" lat="9.8814395" lon="78.0836345"/>
 <node id="4933102202" visible="true" version="1" changeset="49778567" timestamp="2017-06-23T19:25:54Z" user="Arun Balaji" uid="3427745" lat="9.8816866" lon="78.0806787"/>
 <node id="4933102203" visible="true" version="1" changeset="49778567" timestamp="2017-06-23T19:25:54Z" user="Arun Balaji" uid="3427745" lat="9.8848488" lon="78.0823227"/>
 <node id="4933102204" visible="true" version="1" changeset="49778567" timestamp="2017-06-23T19:25:54Z" user="Arun Balaji" uid="3427745" lat="9.8848255" lon="78.0823817"/>
 <node id="4933102205" visible="true" version="1" changeset="49778567" timestamp="2017-06-23T19:25:54Z" user="Arun Balaji" uid="3427745" lat="9.8847204" lon="78.0823388"/>
 <node id="4933102206" visible="true" version="1" changeset="49778567" timestamp="2017-06-23T19:25:54Z" user="Arun Balaji" uid="3427745" lat="9.8847438" lon="78.0822798"/>
 <node id="4933102207" visible="true" version="1" changeset="49778567" timestamp="2017-06-23T19:25:54Z" user="Arun Balaji" uid="3427745" lat="9.8848926" lon="78.0822141"/>
 <node id="4933102208" visible="true" version="1" changeset="49778567" timestamp="2017-06-23T19:25:54Z" user="Arun Balaji" uid="3427745" lat="9.8848704" lon="78.0822687"/>
 <node id="4933102209" visible="true" version="1" changeset="49778567" timestamp="2017-06-23T19:25:54Z" user="Arun Balaji" uid="3427745" lat="9.8847659" lon="78.0822248"/>
 <node id="4933102210" visible="true" version="1" changeset="49778567" timestamp="2017-06-23T19:25:54Z" user="Arun Balaji" uid="3427745" lat="9.8847882" lon="78.0821702"/>
 <node id="4933102211" visible="true" version="1" changeset="49778567" timestamp="2017-06-23T19:25:54Z" user="Arun Balaji" uid="3427745" lat="9.8850980" lon="78.0825816"/>
 <node id="4933102212" visible="true" version="1" changeset="49778567" timestamp="2017-06-23T19:25:54Z" user="Arun Balaji" uid="3427745" lat="9.8850609" lon="78.0826658"/>
 <node id="4933102213" visible="true" version="1" changeset="49778567" timestamp="2017-06-23T19:25:54Z" user="Arun Balaji" uid="3427745" lat="9.8849430" lon="78.0826121"/>
 <node id="4933102214" visible="true" version="1" changeset="49778567" timestamp="2017-06-23T19:25:54Z" user="Arun Balaji" uid="3427745" lat="9.8849802" lon="78.0825280"/>
 <node id="4933102215" visible="true" version="1" changeset="49778567" timestamp="2017-06-23T19:25:54Z" user="Arun Balaji" uid="3427745" lat="9.8849921" lon="78.0828039"/>
 <node id="4933102216" visible="true" version="1" changeset="49778567" timestamp="2017-06-23T19:25:54Z" user="Arun Balaji" uid="3427745" lat="9.8849513" lon="78.0828992"/>
 <node id="4933102217" visible="true" version="1" changeset="49778567" timestamp="2017-06-23T19:25:54Z" user="Arun Balaji" uid="3427745" lat="9.8848277" lon="78.0828447"/>
 <node id="4933102218" visible="true" version="1" changeset="49778567" timestamp="2017-06-23T19:25:54Z" user="Arun Balaji" uid="3427745" lat="9.8848685" lon="78.0827494"/>
 <node id="4933102219" visible="true" version="1" changeset="49778567" timestamp="2017-06-23T19:25:54Z" user="Arun Balaji" uid="3427745" lat="9.8852843" lon="78.0832561"/>
 <node id="4933102220" visible="true" version="1" changeset="49778567" timestamp="2017-06-23T19:25:54Z" user="Arun Balaji" uid="3427745" lat="9.8852522" lon="78.0833170"/>
 <node id="4933102721" visible="true" version="1" changeset="49778567" timestamp="2017-06-23T19:25:54Z" user="Arun Balaji" uid="3427745" lat="9.8851563" lon="78.0832650"/>
 <node id="4933102722" visible="true" version="1" changeset="49778567" timestamp="2017-06-23T19:25:54Z" user="Arun Balaji" uid="3427745" lat="9.8851884" lon="78.0832041"/>
 <node id="4933102723" visible="true" version="1" changeset="49778567" timestamp="2017-06-23T19:25:54Z" user="Arun Balaji" uid="3427745" lat="9.8851736" lon="78.0834091"/>
 <node id="4933102724" visible="true" version="1" changeset="49778567" timestamp="2017-06-23T19:25:54Z" user="Arun Balaji" uid="3427745" lat="9.8851466" lon="78.0834524"/>
 <node id="4933102725" visible="true" version="1" changeset="49778567" timestamp="2017-06-23T19:25:54Z" user="Arun Balaji" uid="3427745" lat="9.8850735" lon="78.0834055"/>
 <node id="4933102726" visible="true" version="1" changeset="49778567" timestamp="2017-06-23T19:25:54Z" user="Arun Balaji" uid="3427745" lat="9.8851006" lon="78.0833621"/>
 <node id="4933102727" visible="true" version="1" changeset="49778567" timestamp="2017-06-23T19:25:54Z" user="Arun Balaji" uid="3427745" lat="9.8859211" lon="78.0807483"/>
 <node id="4933102739" visible="true" version="2" changeset="135479832" timestamp="2023-04-28T18:11:23Z" user="gbas" uid="19080331" lat="9.8865785" lon="78.0823614"/>
 <node id="4933102740" visible="true" version="2" changeset="135479832" timestamp="2023-04-28T18:11:23Z" user="gbas" uid="19080331" lat="9.8862290" lon="78.0831534"/>
 <node id="4933102741" visible="true" version="1" changeset="49778567" timestamp="2017-06-23T19:25:54Z" user="Arun Balaji" uid="3427745" lat="9.8857947" lon="78.0829356"/>
 <node id="4933102742" visible="true" version="1" changeset="49778567" timestamp="2017-06-23T19:25:54Z" user="Arun Balaji" uid="3427745" lat="9.8860381" lon="78.0825666"/>
 <node id="4933102743" visible="true" version="1" changeset="49778567" timestamp="2017-06-23T19:25:54Z" user="Arun Balaji" uid="3427745" lat="9.8861942" lon="78.0823180"/>
 <node id="4933102744" visible="true" version="1" changeset="49778567" timestamp="2017-06-23T19:25:54Z" user="Arun Balaji" uid="3427745" lat="9.8862550" lon="78.0822451"/>
 <node id="4933102745" visible="true" version="1" changeset="49778567" timestamp="2017-06-23T19:25:54Z" user="Arun Balaji" uid="3427745" lat="9.8863065" lon="78.0822467"/>
 <node id="4933102746" visible="true" version="1" changeset="49778567" timestamp="2017-06-23T19:25:54Z" user="Arun Balaji" uid="3427745" lat="9.8863892" lon="78.0832873"/>
 <node id="4933102751" visible="true" version="1" changeset="49778567" timestamp="2017-06-23T19:25:55Z" user="Arun Balaji" uid="3427745" lat="9.8861336" lon="78.0831077"/>
 <node id="4933102752" visible="true" version="1" changeset="49778567" timestamp="2017-06-23T19:25:55Z" user="Arun Balaji" uid="3427745" lat="9.8857589" lon="78.0836737"/>
 <node id="4933102753" visible="true" version="1" changeset="49778567" timestamp="2017-06-23T19:25:55Z" user="Arun Balaji" uid="3427745" lat="9.8855108" lon="78.0840554"/>
 <node id="4933102754" visible="true" version="2" changeset="135479832" timestamp="2023-04-28T18:11:23Z" user="gbas" uid="19080331" lat="9.8852576" lon="78.0846865"/>
 <node id="5504867131" visible="true" version="1" changeset="57526829" timestamp="2018-03-26T08:37:55Z" user="Greeshmag" uid="6782523" lat="9.8859309" lon="78.0805582"/>
 <node id="5929157196" visible="true" version="3" changeset="128517151" timestamp="2022-11-05T11:42:46Z" user="harshavardhan200604tt" uid="17587423" lat="9.8853215" lon="78.0794854"/>
 <node id="5929157197" visible="true" version="3" changeset="128517151" timestamp="2022-11-05T11:42:46Z" user="harshavardhan200604tt" uid="17587423" lat="9.8853099" lon="78.0799268"/>
 <node id="5929157198" visible="true" version="3" changeset="128517151" timestamp="2022-11-05T11:42:46Z" user="harshavardhan200604tt" uid="17587423" lat="9.8853545" lon="78.0799241"/>
 <node id="5929157199" visible="true" version="4" changeset="128517151" timestamp="2022-11-05T11:42:46Z" user="harshavardhan200604tt" uid="17587423" lat="9.8852869" lon="78.0800675"/>
 <node id="5929157200" visible="true" version="5" changeset="128517151" timestamp="2022-11-05T11:42:46Z" user="harshavardhan200604tt" uid="17587423" lat="9.8852598" lon="78.0802297"/>
 <node id="5929157201" visible="true" version="5" changeset="128517151" timestamp="2022-11-05T11:42:46Z" user="harshavardhan200604tt" uid="17587423" lat="9.8851842" lon="78.0802325"/>
 <node id="5929157202" visible="true" version="3" changeset="128517151" timestamp="2022-11-05T11:42:46Z" user="harshavardhan200604tt" uid="17587423" lat="9.8851903" lon="78.0799399"/>
 <node id="5929157203" visible="true" version="3" changeset="128517151" timestamp="2022-11-05T11:42:46Z" user="harshavardhan200604tt" uid="17587423" lat="9.8852454" lon="78.0794832"/>
 <node id="5929160659" visible="true" version="2" changeset="115732602" timestamp="2022-01-04T00:07:42Z" user="PATHRI NARAYANAN" uid="14771592" lat="9.8814151" lon="78.0835286">
  <tag k="name" v="Gate 2"/>
 </node>
 <node id="5929160660" visible="true" version="1" changeset="62916980" timestamp="2018-09-25T15:09:50Z" user="Sairamankumar" uid="8870036" lat="9.8810604" lon="78.0834979"/>
 <node id="5929160661" visible="true" version="1" changeset="62916980" timestamp="2018-09-25T15:09:50Z" user="Sairamankumar" uid="8870036" lat="9.8805856" lon="78.0834071"/>
 <node id="5929160662" visible="true" version="1" changeset="62916980" timestamp="2018-09-25T15:09:50Z" user="Sairamankumar" uid="8870036" lat="9.8802728" lon="78.0833674"/>
 <node id="5929160663" visible="true" version="1" changeset="62916980" timestamp="2018-09-25T15:09:50Z" user="Sairamankumar" uid="8870036" lat="9.8799153" lon="78.0834865"/>
 <node id="5929160664" visible="true" version="1" changeset="62916980" timestamp="2018-09-25T15:09:50Z" user="Sairamankumar" uid="8870036" lat="9.8797309" lon="78.0833561"/>
 <node id="7055147765" visible="true" version="1" changeset="78385600" timestamp="2019-12-13T16:53:03Z" user="Ti_Ru" uid="7575709" lat="9.8855965" lon="78.0793056"/>
 <node id="7055147766" visible="true" version="2" changeset="179028028" timestamp="2026-02-25T09:58:44Z" user="Shriraam" uid="23868703" lat="9.8856019" lon="78.0792394">
  <tag k="name" v="Tce main gate"/>
 </node>
 <node id="7055147767" visible="true" version="1" changeset="78385600" timestamp="2019-12-13T16:53:03Z" user="Ti_Ru" uid="7575709" lat="9.8829008" lon="78.0819510"/>
 <node id="7055147768" visible="true" version="1" changeset="78385600" timestamp="2019-12-13T16:53:03Z" user="Ti_Ru" uid="7575709" lat="9.8833661" lon="78.0807522"/>
 <node id="7055147769" visible="true" version="1" changeset="78385600" timestamp="2019-12-13T16:53:03Z" user="Ti_Ru" uid="7575709" lat="9.8825146" lon="78.0816879"/>
 <node id="7055147770" visible="true" version="1" changeset="78385600" timestamp="2019-12-13T16:53:03Z" user="Ti_Ru" uid="7575709" lat="9.8823350" lon="78.0816856"/>
 <node id="7055147771" visible="true" version="2" changeset="128517151" timestamp="2022-11-05T11:42:46Z" user="harshavardhan200604tt" uid="17587423" lat="9.8823147" lon="78.0823786"/>
 <node id="7055147772" visible="true" version="2" changeset="128517151" timestamp="2022-11-05T11:42:46Z" user="harshavardhan200604tt" uid="17587423" lat="9.8821738" lon="78.0823795"/>
 <node id="7055147773" visible="true" version="1" changeset="78385600" timestamp="2019-12-13T16:53:03Z" user="Ti_Ru" uid="7575709" lat="9.8822847" lon="78.0826365"/>
 <node id="7055147774" visible="true" version="1" changeset="78385600" timestamp="2019-12-13T16:53:03Z" user="Ti_Ru" uid="7575709" lat="9.8826747" lon="78.0827138"/>
 <node id="7055147775" visible="true" version="1" changeset="78385600" timestamp="2019-12-13T16:53:03Z" user="Ti_Ru" uid="7575709" lat="9.8826653" lon="78.0826671"/>
 <node id="7055147776" visible="true" version="2" changeset="128517151" timestamp="2022-11-05T11:42:46Z" user="harshavardhan200604tt" uid="17587423" lat="9.8822825" lon="78.0832688"/>
 <node id="7055147777" visible="true" version="2" changeset="85677199" timestamp="2020-05-24T10:15:19Z" user="Ti_Ru" uid="7575709" lat="9.8827705" lon="78.0819376"/>
 <node id="7055147778" visible="true" version="2" changeset="85677199" timestamp="2020-05-24T10:15:19Z" user="Ti_Ru" uid="7575709" lat="9.8824994" lon="78.0819261"/>
 <node id="7055147779" visible="true" version="2" changeset="85677199" timestamp="2020-05-24T10:15:19Z" user="Ti_Ru" uid="7575709" lat="9.8827492" lon="78.0824558"/>
 <node id="7055147780" visible="true" version="3" changeset="162376328" timestamp="2025-02-11T05:31:55Z" user="krishnaprasath" uid="22484704" lat="9.8824782" lon="78.0824395"/>
 <node id="7055147781" visible="true" version="2" changeset="85677199" timestamp="2020-05-24T10:15:19Z" user="Ti_Ru" uid="7575709" lat="9.8826368" lon="78.0835800"/>
 <node id="7055147782" visible="true" version="2" changeset="85677199" timestamp="2020-05-24T10:15:19Z" user="Ti_Ru" uid="7575709" lat="9.8821613" lon="78.0835713"/>
 <node id="7055147783" visible="true" version="2" changeset="85677199" timestamp="2020-05-24T10:15:19Z" user="Ti_Ru" uid="7575709" lat="9.8821559" lon="78.0838809"/>
 <node id="7055147784" visible="true" version="2" changeset="85677199" timestamp="2020-05-24T10:15:19Z" user="Ti_Ru" uid="7575709" lat="9.8825601" lon="78.0838882"/>
 <node id="7055147785" visible="true" version="2" changeset="85677199" timestamp="2020-05-24T10:15:19Z" user="Ti_Ru" uid="7575709" lat="9.8825593" lon="78.0839332"/>
 <node id="7055147786" visible="true" version="2" changeset="85677199" timestamp="2020-05-24T10:15:19Z" user="Ti_Ru" uid="7575709" lat="9.8826305" lon="78.0839345"/>
 <node id="7055147787" visible="true" version="1" changeset="78385600" timestamp="2019-12-13T16:53:03Z" user="Ti_Ru" uid="7575709" lat="9.8828238" lon="78.0836352"/>
 <node id="7055147788" visible="true" version="1" changeset="78385600" timestamp="2019-12-13T16:53:03Z" user="Ti_Ru" uid="7575709" lat="9.8827088" lon="78.0836312"/>
 <node id="7055147789" visible="true" version="1" changeset="78385600" timestamp="2019-12-13T16:53:03Z" user="Ti_Ru" uid="7575709" lat="9.8827048" lon="78.0837492"/>
 <node id="7055147790" visible="true" version="1" changeset="78385600" timestamp="2019-12-13T16:53:03Z" user="Ti_Ru" uid="7575709" lat="9.8826480" lon="78.0837452"/>
 <node id="7055147791" visible="true" version="1" changeset="78385600" timestamp="2019-12-13T16:53:03Z" user="Ti_Ru" uid="7575709" lat="9.8826467" lon="78.0838229"/>
 <node id="7055147792" visible="true" version="1" changeset="78385600" timestamp="2019-12-13T16:53:03Z" user="Ti_Ru" uid="7575709" lat="9.8826969" lon="78.0838229"/>
 <node id="7055147793" visible="true" version="1" changeset="78385600" timestamp="2019-12-13T16:53:03Z" user="Ti_Ru" uid="7575709" lat="9.8826982" lon="78.0838417"/>
 <node id="7055147794" visible="true" version="1" changeset="78385600" timestamp="2019-12-13T16:53:03Z" user="Ti_Ru" uid="7575709" lat="9.8826507" lon="78.0838431"/>
 <node id="7055147795" visible="true" version="1" changeset="78385600" timestamp="2019-12-13T16:53:03Z" user="Ti_Ru" uid="7575709" lat="9.8826480" lon="78.0838873"/>
 <node id="7055147796" visible="true" version="1" changeset="78385600" timestamp="2019-12-13T16:53:03Z" user="Ti_Ru" uid="7575709" lat="9.8827062" lon="78.0838873"/>
 <node id="7055147797" visible="true" version="1" changeset="78385600" timestamp="2019-12-13T16:53:03Z" user="Ti_Ru" uid="7575709" lat="9.8827022" lon="78.0839450"/>
 <node id="7055147798" visible="true" version="1" changeset="78385600" timestamp="2019-12-13T16:53:03Z" user="Ti_Ru" uid="7575709" lat="9.8828145" lon="78.0839463"/>
 <node id="7055147799" visible="true" version="1" changeset="78385600" timestamp="2019-12-13T16:53:03Z" user="Ti_Ru" uid="7575709" lat="9.8828185" lon="78.0838189"/>
 <node id="7055147800" visible="true" version="1" changeset="78385600" timestamp="2019-12-13T16:53:03Z" user="Ti_Ru" uid="7575709" lat="9.8828700" lon="78.0838203"/>
 <node id="7055147801" visible="true" version="1" changeset="78385600" timestamp="2019-12-13T16:53:03Z" user="Ti_Ru" uid="7575709" lat="9.8828720" lon="78.0837693"/>
 <node id="7055147802" visible="true" version="1" changeset="78385600" timestamp="2019-12-13T16:53:03Z" user="Ti_Ru" uid="7575709" lat="9.8828228" lon="78.0837666"/>
 <node id="7055147803" visible="true" version="2" changeset="85677199" timestamp="2020-05-24T10:15:19Z" user="Ti_Ru" uid="7575709" lat="9.8828740" lon="78.0820911"/>
 <node id="7055147804" visible="true" version="2" changeset="85677199" timestamp="2020-05-24T10:15:19Z" user="Ti_Ru" uid="7575709" lat="9.8827834" lon="78.0820879"/>
 <node id="7055147805" visible="true" version="2" changeset="85677199" timestamp="2020-05-24T10:15:19Z" user="Ti_Ru" uid="7575709" lat="9.8828614" lon="78.0824628"/>
 <node id="7055147806" visible="true" version="1" changeset="78385600" timestamp="2019-12-13T16:53:03Z" user="Ti_Ru" uid="7575709" lat="9.8828909" lon="78.0821920"/>
 <node id="7055147807" visible="true" version="1" changeset="78385600" timestamp="2019-12-13T16:53:03Z" user="Ti_Ru" uid="7575709" lat="9.8828796" lon="78.0824700"/>
 <node id="7055147808" visible="true" version="2" changeset="85677199" timestamp="2020-05-24T10:15:19Z" user="Ti_Ru" uid="7575709" lat="9.8827708" lon="78.0824597"/>
 <node id="7055147810" visible="true" version="2" changeset="85677199" timestamp="2020-05-24T10:15:19Z" user="Ti_Ru" uid="7575709" lat="9.8827473" lon="78.0826281"/>
 <node id="7055147811" visible="true" version="2" changeset="85677199" timestamp="2020-05-24T10:15:19Z" user="Ti_Ru" uid="7575709" lat="9.8828542" lon="78.0826328"/>
 <node id="7055147812" visible="true" version="2" changeset="85677199" timestamp="2020-05-24T10:15:19Z" user="Ti_Ru" uid="7575709" lat="9.8828335" lon="78.0831219"/>
 <node id="7055147813" visible="true" version="2" changeset="85677199" timestamp="2020-05-24T10:15:19Z" user="Ti_Ru" uid="7575709" lat="9.8827264" lon="78.0831172"/>
 <node id="7055147814" visible="true" version="1" changeset="78385600" timestamp="2019-12-13T16:53:03Z" user="Ti_Ru" uid="7575709" lat="9.8828925" lon="78.0819605"/>
 <node id="7055147815" visible="true" version="1" changeset="78385600" timestamp="2019-12-13T16:53:03Z" user="Ti_Ru" uid="7575709" lat="9.8827769" lon="78.0819551"/>
 <node id="7055147816" visible="true" version="1" changeset="78385600" timestamp="2019-12-13T16:53:03Z" user="Ti_Ru" uid="7575709" lat="9.8827735" lon="78.0820772"/>
 <node id="7055147817" visible="true" version="1" changeset="78385600" timestamp="2019-12-13T16:53:03Z" user="Ti_Ru" uid="7575709" lat="9.8828892" lon="78.0820805"/>
 <node id="7055147818" visible="true" version="2" changeset="85677199" timestamp="2020-05-24T10:15:19Z" user="Ti_Ru" uid="7575709" lat="9.8826788" lon="78.0824891"/>
 <node id="7055147819" visible="true" version="2" changeset="85677199" timestamp="2020-05-24T10:15:19Z" user="Ti_Ru" uid="7575709" lat="9.8826727" lon="78.0826163"/>
 <node id="7055147820" visible="true" version="2" changeset="85677199" timestamp="2020-05-24T10:15:19Z" user="Ti_Ru" uid="7575709" lat="9.8823093" lon="78.0825984"/>
 <node id="7055147821" visible="true" version="2" changeset="85677199" timestamp="2020-05-24T10:15:19Z" user="Ti_Ru" uid="7575709" lat="9.8823154" lon="78.0824711"/>
 <node id="7055147822" visible="true" version="2" changeset="85677199" timestamp="2020-05-24T10:15:19Z" user="Ti_Ru" uid="7575709" lat="9.8823520" lon="78.0817541"/>
 <node id="7055147823" visible="true" version="2" changeset="85677199" timestamp="2020-05-24T10:15:19Z" user="Ti_Ru" uid="7575709" lat="9.8824894" lon="78.0817596"/>
 <node id="7055147824" visible="true" version="2" changeset="85677199" timestamp="2020-05-24T10:15:19Z" user="Ti_Ru" uid="7575709" lat="9.8824657" lon="78.0823699"/>
 <node id="7055147825" visible="true" version="2" changeset="85677199" timestamp="2020-05-24T10:15:19Z" user="Ti_Ru" uid="7575709" lat="9.8823284" lon="78.0823644"/>
 <node id="7055147826" visible="true" version="3" changeset="128517151" timestamp="2022-11-05T11:42:46Z" user="harshavardhan200604tt" uid="17587423" lat="9.8821853" lon="78.0832427"/>
 <node id="7055147827" visible="true" version="3" changeset="128517151" timestamp="2022-11-05T11:42:46Z" user="harshavardhan200604tt" uid="17587423" lat="9.8821946" lon="78.0824973"/>
 <node id="7055147828" visible="true" version="3" changeset="128517151" timestamp="2022-11-05T11:42:46Z" user="harshavardhan200604tt" uid="17587423" lat="9.8822625" lon="78.0824972"/>
 <node id="7055147829" visible="true" version="3" changeset="128517151" timestamp="2022-11-05T11:42:46Z" user="harshavardhan200604tt" uid="17587423" lat="9.8822591" lon="78.0832468"/>
 <node id="7055147838" visible="true" version="3" changeset="128517151" timestamp="2022-11-05T11:42:46Z" user="harshavardhan200604tt" uid="17587423" lat="9.8818893" lon="78.0825443"/>
 <node id="7055147839" visible="true" version="3" changeset="128517151" timestamp="2022-11-05T11:42:46Z" user="harshavardhan200604tt" uid="17587423" lat="9.8817943" lon="78.0825410"/>
 <node id="7055147840" visible="true" version="3" changeset="128517151" timestamp="2022-11-05T11:42:46Z" user="harshavardhan200604tt" uid="17587423" lat="9.8817817" lon="78.0829187"/>
 <node id="7055147841" visible="true" version="3" changeset="128517151" timestamp="2022-11-05T11:42:46Z" user="harshavardhan200604tt" uid="17587423" lat="9.8818766" lon="78.0829220"/>
 <node id="7055147850" visible="true" version="2" changeset="85677199" timestamp="2020-05-24T10:15:19Z" user="Ti_Ru" uid="7575709" lat="9.8829377" lon="78.0810851"/>
 <node id="7055147851" visible="true" version="2" changeset="85677199" timestamp="2020-05-24T10:15:19Z" user="Ti_Ru" uid="7575709" lat="9.8827779" lon="78.0810793"/>
 <node id="7055147852" visible="true" version="2" changeset="85677199" timestamp="2020-05-24T10:15:19Z" user="Ti_Ru" uid="7575709" lat="9.8827587" lon="78.0816226"/>
 <node id="7055147853" visible="true" version="2" changeset="85677199" timestamp="2020-05-24T10:15:19Z" user="Ti_Ru" uid="7575709" lat="9.8829183" lon="78.0816285"/>
 <node id="7055147854" visible="true" version="2" changeset="85677199" timestamp="2020-05-24T10:15:19Z" user="Ti_Ru" uid="7575709" lat="9.8827290" lon="78.0810730"/>
 <node id="7055147855" visible="true" version="2" changeset="85677199" timestamp="2020-05-24T10:15:19Z" user="Ti_Ru" uid="7575709" lat="9.8827194" lon="78.0813071"/>
 <node id="7055147856" visible="true" version="2" changeset="85677199" timestamp="2020-05-24T10:15:19Z" user="Ti_Ru" uid="7575709" lat="9.8824212" lon="78.0812945"/>
 <node id="7055147857" visible="true" version="2" changeset="85677199" timestamp="2020-05-24T10:15:19Z" user="Ti_Ru" uid="7575709" lat="9.8824307" lon="78.0810643"/>
 <node id="7055147858" visible="true" version="2" changeset="85677199" timestamp="2020-05-24T10:15:19Z" user="Ti_Ru" uid="7575709" lat="9.8823587" lon="78.0810736"/>
 <node id="7055147859" visible="true" version="2" changeset="85677199" timestamp="2020-05-24T10:15:19Z" user="Ti_Ru" uid="7575709" lat="9.8823294" lon="78.0816769"/>
 <node id="7055147860" visible="true" version="2" changeset="85677199" timestamp="2020-05-24T10:15:19Z" user="Ti_Ru" uid="7575709" lat="9.8821985" lon="78.0816703"/>
 <node id="7055147861" visible="true" version="2" changeset="85677199" timestamp="2020-05-24T10:15:19Z" user="Ti_Ru" uid="7575709" lat="9.8822277" lon="78.0810670"/>
 <node id="7055147862" visible="true" version="2" changeset="85677199" timestamp="2020-05-24T10:15:19Z" user="Ti_Ru" uid="7575709" lat="9.8821717" lon="78.0819245"/>
 <node id="7055147863" visible="true" version="2" changeset="85677199" timestamp="2020-05-24T10:15:19Z" user="Ti_Ru" uid="7575709" lat="9.8821593" lon="78.0821321"/>
 <node id="7055147864" visible="true" version="2" changeset="85677199" timestamp="2020-05-24T10:15:19Z" user="Ti_Ru" uid="7575709" lat="9.8817565" lon="78.0821072"/>
 <node id="7055147865" visible="true" version="2" changeset="85677199" timestamp="2020-05-24T10:15:19Z" user="Ti_Ru" uid="7575709" lat="9.8817690" lon="78.0818997"/>
 <node id="7055147866" visible="true" version="2" changeset="85677199" timestamp="2020-05-24T10:15:19Z" user="Ti_Ru" uid="7575709" lat="9.8819313" lon="78.0811144"/>
 <node id="7055147867" visible="true" version="2" changeset="85677199" timestamp="2020-05-24T10:15:19Z" user="Ti_Ru" uid="7575709" lat="9.8817905" lon="78.0811064"/>
 <node id="7055147868" visible="true" version="2" changeset="85677199" timestamp="2020-05-24T10:15:19Z" user="Ti_Ru" uid="7575709" lat="9.8817601" lon="78.0816565"/>
 <node id="7055147869" visible="true" version="2" changeset="85677199" timestamp="2020-05-24T10:15:19Z" user="Ti_Ru" uid="7575709" lat="9.8819008" lon="78.0816645"/>
 <node id="7055147870" visible="true" version="2" changeset="85677199" timestamp="2020-05-24T10:15:19Z" user="Ti_Ru" uid="7575709" lat="9.8826704" lon="78.0810262"/>
 <node id="7055147871" visible="true" version="2" changeset="85677199" timestamp="2020-05-24T10:15:19Z" user="Ti_Ru" uid="7575709" lat="9.8826686" lon="78.0810705"/>
 <node id="7055147872" visible="true" version="2" changeset="85677199" timestamp="2020-05-24T10:15:19Z" user="Ti_Ru" uid="7575709" lat="9.8825679" lon="78.0810219"/>
 <node id="7055147873" visible="true" version="2" changeset="85677199" timestamp="2020-05-24T10:15:19Z" user="Ti_Ru" uid="7575709" lat="9.8825659" lon="78.0810700"/>
 <node id="7055147874" visible="true" version="2" changeset="85677199" timestamp="2020-05-24T10:15:19Z" user="Ti_Ru" uid="7575709" lat="9.8821746" lon="78.0836353"/>
 <node id="7055147875" visible="true" version="2" changeset="85677199" timestamp="2020-05-24T10:15:19Z" user="Ti_Ru" uid="7575709" lat="9.8825948" lon="78.0836546"/>
 <node id="7055147876" visible="true" version="2" changeset="85677199" timestamp="2020-05-24T10:15:19Z" user="Ti_Ru" uid="7575709" lat="9.8825967" lon="78.0835904"/>
 <node id="7055147877" visible="true" version="2" changeset="85677199" timestamp="2020-05-24T10:15:19Z" user="Ti_Ru" uid="7575709" lat="9.8821762" lon="78.0835778"/>
 <node id="7055147879" visible="true" version="2" changeset="85677199" timestamp="2020-05-24T10:15:19Z" user="Ti_Ru" uid="7575709" lat="9.8824123" lon="78.0838804"/>
 <node id="7055147880" visible="true" version="2" changeset="85677199" timestamp="2020-05-24T10:15:19Z" user="Ti_Ru" uid="7575709" lat="9.8822642" lon="78.0836446"/>
 <node id="7055147881" visible="true" version="2" changeset="85677199" timestamp="2020-05-24T10:15:19Z" user="Ti_Ru" uid="7575709" lat="9.8821635" lon="78.0838730"/>
 <node id="7055147882" visible="true" version="2" changeset="85677199" timestamp="2020-05-24T10:15:19Z" user="Ti_Ru" uid="7575709" lat="9.8824138" lon="78.0838276"/>
 <node id="7055147883" visible="true" version="2" changeset="85677199" timestamp="2020-05-24T10:15:19Z" user="Ti_Ru" uid="7575709" lat="9.8822590" lon="78.0838230"/>
 <node id="7055147884" visible="true" version="2" changeset="85677199" timestamp="2020-05-24T10:15:19Z" user="Ti_Ru" uid="7575709" lat="9.8822443" lon="78.0836374"/>
 <node id="7055147885" visible="true" version="2" changeset="85677199" timestamp="2020-05-24T10:15:19Z" user="Ti_Ru" uid="7575709" lat="9.8822435" lon="78.0836669"/>
 <node id="7055147886" visible="true" version="2" changeset="85677199" timestamp="2020-05-24T10:15:19Z" user="Ti_Ru" uid="7575709" lat="9.8821705" lon="78.0836648"/>
 <node id="7055147887" visible="true" version="2" changeset="85677199" timestamp="2020-05-24T10:15:19Z" user="Ti_Ru" uid="7575709" lat="9.8821685" lon="78.0837325"/>
 <node id="7055147888" visible="true" version="2" changeset="85677199" timestamp="2020-05-24T10:15:19Z" user="Ti_Ru" uid="7575709" lat="9.8822396" lon="78.0837346"/>
 <node id="7055147889" visible="true" version="2" changeset="85677199" timestamp="2020-05-24T10:15:19Z" user="Ti_Ru" uid="7575709" lat="9.8822372" lon="78.0838189"/>
 <node id="7055147890" visible="true" version="2" changeset="85677199" timestamp="2020-05-24T10:15:19Z" user="Ti_Ru" uid="7575709" lat="9.8821651" lon="78.0838167"/>
 <node id="7055147891" visible="true" version="1" changeset="78385600" timestamp="2019-12-13T16:53:03Z" user="Ti_Ru" uid="7575709" lat="9.8831786" lon="78.0807487"/>
 <node id="7055147892" visible="true" version="1" changeset="78385600" timestamp="2019-12-13T16:53:03Z" user="Ti_Ru" uid="7575709" lat="9.8831747" lon="78.0810196"/>
 <node id="7055147893" visible="true" version="1" changeset="78385600" timestamp="2019-12-13T16:53:03Z" user="Ti_Ru" uid="7575709" lat="9.8821745" lon="78.0809820"/>
 <node id="7055147894" visible="true" version="1" changeset="78385600" timestamp="2019-12-13T16:53:03Z" user="Ti_Ru" uid="7575709" lat="9.8821983" lon="78.0807245"/>
 <node id="7055147895" visible="true" version="1" changeset="78385600" timestamp="2019-12-13T16:53:03Z" user="Ti_Ru" uid="7575709" lat="9.8832004" lon="78.0813917"/>
 <node id="7055147896" visible="true" version="2" changeset="85677199" timestamp="2020-05-24T10:15:19Z" user="Ti_Ru" uid="7575709" lat="9.8834508" lon="78.0831509"/>
 <node id="7055147897" visible="true" version="2" changeset="85677199" timestamp="2020-05-24T10:15:19Z" user="Ti_Ru" uid="7575709" lat="9.8833570" lon="78.0831382"/>
 <node id="7055147898" visible="true" version="2" changeset="85677199" timestamp="2020-05-24T10:15:19Z" user="Ti_Ru" uid="7575709" lat="9.8833378" lon="78.0832857"/>
 <node id="7055147899" visible="true" version="2" changeset="85677199" timestamp="2020-05-24T10:15:19Z" user="Ti_Ru" uid="7575709" lat="9.8834315" lon="78.0832984"/>
 <node id="7055147900" visible="true" version="2" changeset="85978313" timestamp="2020-05-30T10:59:03Z" user="Ti_Ru" uid="7575709" lat="9.8833854" lon="78.0797251"/>
 <node id="7055147901" visible="true" version="2" changeset="85978313" timestamp="2020-05-30T10:59:03Z" user="Ti_Ru" uid="7575709" lat="9.8830337" lon="78.0797560"/>
 <node id="7055147902" visible="true" version="2" changeset="85978313" timestamp="2020-05-30T10:59:03Z" user="Ti_Ru" uid="7575709" lat="9.8830532" lon="78.0799841"/>
 <node id="7055147903" visible="true" version="2" changeset="85978313" timestamp="2020-05-30T10:59:03Z" user="Ti_Ru" uid="7575709" lat="9.8831634" lon="78.0799744"/>
 <node id="7055147904" visible="true" version="2" changeset="85978313" timestamp="2020-05-30T10:59:03Z" user="Ti_Ru" uid="7575709" lat="9.8831552" lon="78.0798783"/>
 <node id="7055147905" visible="true" version="2" changeset="85978313" timestamp="2020-05-30T10:59:03Z" user="Ti_Ru" uid="7575709" lat="9.8832954" lon="78.0798660"/>
 <node id="7055147906" visible="true" version="2" changeset="85978313" timestamp="2020-05-30T10:59:03Z" user="Ti_Ru" uid="7575709" lat="9.8833037" lon="78.0799644"/>
 <node id="7055147907" visible="true" version="2" changeset="85978313" timestamp="2020-05-30T10:59:03Z" user="Ti_Ru" uid="7575709" lat="9.8834051" lon="78.0799555"/>
 <node id="7055147908" visible="true" version="2" changeset="85978313" timestamp="2020-05-30T10:59:03Z" user="Ti_Ru" uid="7575709" lat="9.8834724" lon="78.0797291"/>
 <node id="7055147909" visible="true" version="2" changeset="85978313" timestamp="2020-05-30T10:59:03Z" user="Ti_Ru" uid="7575709" lat="9.8834138" lon="78.0797334"/>
 <node id="7055147910" visible="true" version="2" changeset="85978313" timestamp="2020-05-30T10:59:03Z" user="Ti_Ru" uid="7575709" lat="9.8834305" lon="78.0799675"/>
 <node id="7055147911" visible="true" version="2" changeset="85978313" timestamp="2020-05-30T10:59:03Z" user="Ti_Ru" uid="7575709" lat="9.8834892" lon="78.0799631"/>
 <node id="7055147912" visible="true" version="2" changeset="85978313" timestamp="2020-05-30T10:59:03Z" user="Ti_Ru" uid="7575709" lat="9.8832406" lon="78.0794405"/>
 <node id="7055147913" visible="true" version="2" changeset="85978313" timestamp="2020-05-30T10:59:03Z" user="Ti_Ru" uid="7575709" lat="9.8831271" lon="78.0794418"/>
 <node id="7055147914" visible="true" version="2" changeset="85978313" timestamp="2020-05-30T10:59:03Z" user="Ti_Ru" uid="7575709" lat="9.8831279" lon="78.0795108"/>
 <node id="7055147915" visible="true" version="2" changeset="85978313" timestamp="2020-05-30T10:59:03Z" user="Ti_Ru" uid="7575709" lat="9.8832414" lon="78.0795095"/>
 <node id="7055147916" visible="true" version="2" changeset="85978313" timestamp="2020-05-30T10:59:03Z" user="Ti_Ru" uid="7575709" lat="9.8833445" lon="78.0794610"/>
 <node id="7055147917" visible="true" version="2" changeset="85978313" timestamp="2020-05-30T10:59:03Z" user="Ti_Ru" uid="7575709" lat="9.8832778" lon="78.0794606"/>
 <node id="7055147918" visible="true" version="2" changeset="85978313" timestamp="2020-05-30T10:59:03Z" user="Ti_Ru" uid="7575709" lat="9.8832776" lon="78.0795009"/>
 <node id="7055147919" visible="true" version="2" changeset="85978313" timestamp="2020-05-30T10:59:03Z" user="Ti_Ru" uid="7575709" lat="9.8833443" lon="78.0795013"/>
 <node id="7055147920" visible="true" version="1" changeset="78385600" timestamp="2019-12-13T16:53:03Z" user="Ti_Ru" uid="7575709" lat="9.8831615" lon="78.0800332"/>
 <node id="7055147921" visible="true" version="1" changeset="78385600" timestamp="2019-12-13T16:53:03Z" user="Ti_Ru" uid="7575709" lat="9.8835103" lon="78.0800144"/>
 <node id="7055147922" visible="true" version="1" changeset="78385600" timestamp="2019-12-13T16:53:03Z" user="Ti_Ru" uid="7575709" lat="9.8834965" lon="78.0807580"/>
 <node id="7055147923" visible="true" version="2" changeset="78778682" timestamp="2019-12-23T14:42:12Z" user="Ti_Ru" uid="7575709" lat="9.8856440" lon="78.0811194"/>
 <node id="7055147924" visible="true" version="1" changeset="78385600" timestamp="2019-12-13T16:53:03Z" user="Ti_Ru" uid="7575709" lat="9.8851089" lon="78.0817712"/>
 <node id="7055147925" visible="true" version="1" changeset="78385600" timestamp="2019-12-13T16:53:03Z" user="Ti_Ru" uid="7575709" lat="9.8845540" lon="78.0818839"/>
 <node id="7055147926" visible="true" version="1" changeset="78385600" timestamp="2019-12-13T16:53:03Z" user="Ti_Ru" uid="7575709" lat="9.8843743" lon="78.0819912"/>
 <node id="7055147927" visible="true" version="1" changeset="78385600" timestamp="2019-12-13T16:53:03Z" user="Ti_Ru" uid="7575709" lat="9.8839832" lon="78.0825062"/>
 <node id="7055147928" visible="true" version="1" changeset="78385600" timestamp="2019-12-13T16:53:03Z" user="Ti_Ru" uid="7575709" lat="9.8837930" lon="78.0827154"/>
 <node id="7055147929" visible="true" version="1" changeset="78385600" timestamp="2019-12-13T16:53:03Z" user="Ti_Ru" uid="7575709" lat="9.8836609" lon="78.0828602"/>
 <node id="7055147930" visible="true" version="1" changeset="78385600" timestamp="2019-12-13T16:53:03Z" user="Ti_Ru" uid="7575709" lat="9.8836186" lon="78.0831660"/>
 <node id="7055147931" visible="true" version="1" changeset="78385600" timestamp="2019-12-13T16:53:03Z" user="Ti_Ru" uid="7575709" lat="9.8834336" lon="78.0833537"/>
 <node id="7055147932" visible="true" version="1" changeset="78385600" timestamp="2019-12-13T16:53:03Z" user="Ti_Ru" uid="7575709" lat="9.8829897" lon="78.0839707"/>
 <node id="7055147933" visible="true" version="1" changeset="78385600" timestamp="2019-12-13T16:53:03Z" user="Ti_Ru" uid="7575709" lat="9.8821177" lon="78.0840994"/>
 <node id="7055147934" visible="true" version="1" changeset="78385600" timestamp="2019-12-13T16:53:03Z" user="Ti_Ru" uid="7575709" lat="9.8817002" lon="78.0839170"/>
 <node id="7055147935" visible="true" version="1" changeset="78385600" timestamp="2019-12-13T16:53:03Z" user="Ti_Ru" uid="7575709" lat="9.8816183" lon="78.0838768"/>
 <node id="7055147936" visible="true" version="1" changeset="78385600" timestamp="2019-12-13T16:53:03Z" user="Ti_Ru" uid="7575709" lat="9.8815813" lon="78.0838205"/>
 <node id="7055147937" visible="true" version="1" changeset="78385600" timestamp="2019-12-13T16:53:03Z" user="Ti_Ru" uid="7575709" lat="9.8814782" lon="78.0835737"/>
 <node id="7055147938" visible="true" version="1" changeset="78385600" timestamp="2019-12-13T16:53:03Z" user="Ti_Ru" uid="7575709" lat="9.8796655" lon="78.0840940"/>
 <node id="7055147939" visible="true" version="1" changeset="78385600" timestamp="2019-12-13T16:53:03Z" user="Ti_Ru" uid="7575709" lat="9.8815892" lon="78.0833833"/>
 <node id="7055147940" visible="true" version="2" changeset="128517151" timestamp="2022-11-05T11:42:46Z" user="harshavardhan200604tt" uid="17587423" lat="9.8816141" lon="78.0829919"/>
 <node id="7055147941" visible="true" version="2" changeset="128517151" timestamp="2022-11-05T11:42:46Z" user="harshavardhan200604tt" uid="17587423" lat="9.8816775" lon="78.0829926"/>
 <node id="7055147942" visible="true" version="1" changeset="78385600" timestamp="2019-12-13T16:53:03Z" user="Ti_Ru" uid="7575709" lat="9.8817213" lon="78.0825571"/>
 <node id="7055147943" visible="true" version="1" changeset="78385600" timestamp="2019-12-13T16:53:03Z" user="Ti_Ru" uid="7575709" lat="9.8816685" lon="78.0820287"/>
 <node id="7055147944" visible="true" version="1" changeset="78385600" timestamp="2019-12-13T16:53:03Z" user="Ti_Ru" uid="7575709" lat="9.8816209" lon="78.0806179"/>
 <node id="7055147945" visible="true" version="1" changeset="78385600" timestamp="2019-12-13T16:53:03Z" user="Ti_Ru" uid="7575709" lat="9.8835288" lon="78.0789174"/>
 <node id="7055147946" visible="true" version="1" changeset="78385600" timestamp="2019-12-13T16:53:03Z" user="Ti_Ru" uid="7575709" lat="9.8839674" lon="78.0785901"/>
 <node id="7055147947" visible="true" version="1" changeset="78385600" timestamp="2019-12-13T16:53:03Z" user="Ti_Ru" uid="7575709" lat="9.8849860" lon="78.0786129"/>
 <node id="7055147948" visible="true" version="1" changeset="78385600" timestamp="2019-12-13T16:53:03Z" user="Ti_Ru" uid="7575709" lat="9.8848037" lon="78.0791950"/>
 <node id="7055147949" visible="true" version="1" changeset="78385600" timestamp="2019-12-13T16:53:03Z" user="Ti_Ru" uid="7575709" lat="9.8854485" lon="78.0792795"/>
 <node id="7055147950" visible="true" version="1" changeset="78385600" timestamp="2019-12-13T16:53:03Z" user="Ti_Ru" uid="7575709" lat="9.8865371" lon="78.0753742"/>
 <node id="7055147951" visible="true" version="2" changeset="78778682" timestamp="2019-12-23T14:42:12Z" user="Ti_Ru" uid="7575709" lat="9.8856440" lon="78.0806420"/>
 <node id="7055147952" visible="true" version="2" changeset="78778682" timestamp="2019-12-23T14:42:12Z" user="Ti_Ru" uid="7575709" lat="9.8856651" lon="78.0809344"/>
 <node id="7055147953" visible="true" version="1" changeset="78385600" timestamp="2019-12-13T16:53:03Z" user="Ti_Ru" uid="7575709" lat="9.8813408" lon="78.0835710"/>
 <node id="7055147954" visible="true" version="1" changeset="78385600" timestamp="2019-12-13T16:53:03Z" user="Ti_Ru" uid="7575709" lat="9.8813091" lon="78.0837252"/>
 <node id="7055147955" visible="true" version="1" changeset="78385600" timestamp="2019-12-13T16:53:03Z" user="Ti_Ru" uid="7575709" lat="9.8811347" lon="78.0838104"/>
 <node id="7055147956" visible="true" version="1" changeset="78385600" timestamp="2019-12-13T16:53:03Z" user="Ti_Ru" uid="7575709" lat="9.8808097" lon="78.0837779"/>
 <node id="7055147957" visible="true" version="1" changeset="78385600" timestamp="2019-12-13T16:53:03Z" user="Ti_Ru" uid="7575709" lat="9.8804160" lon="78.0840915"/>
 <node id="7055147958" visible="true" version="1" changeset="78385600" timestamp="2019-12-13T16:53:03Z" user="Ti_Ru" uid="7575709" lat="9.8805190" lon="78.0791011"/>
 <node id="7055147959" visible="true" version="1" changeset="78385600" timestamp="2019-12-13T16:53:03Z" user="Ti_Ru" uid="7575709" lat="9.8799536" lon="78.0776789"/>
 <node id="7055147960" visible="true" version="1" changeset="78385600" timestamp="2019-12-13T16:53:03Z" user="Ti_Ru" uid="7575709" lat="9.8806617" lon="78.0777892"/>
 <node id="7055147961" visible="true" version="1" changeset="78385600" timestamp="2019-12-13T16:53:03Z" user="Ti_Ru" uid="7575709" lat="9.8795413" lon="78.0786039"/>
 <node id="7055147962" visible="true" version="1" changeset="78385600" timestamp="2019-12-13T16:53:03Z" user="Ti_Ru" uid="7575709" lat="9.8792612" lon="78.0792381"/>
 <node id="7055147963" visible="true" version="1" changeset="78385600" timestamp="2019-12-13T16:53:03Z" user="Ti_Ru" uid="7575709" lat="9.8788252" lon="78.0792279"/>
 <node id="7055147964" visible="true" version="1" changeset="78385600" timestamp="2019-12-13T16:53:03Z" user="Ti_Ru" uid="7575709" lat="9.8797607" lon="78.0794236"/>
 <node id="7055147965" visible="true" version="1" changeset="78385600" timestamp="2019-12-13T16:53:03Z" user="Ti_Ru" uid="7575709" lat="9.8798730" lon="78.0814195"/>
 <node id="7055147966" visible="true" version="1" changeset="78385600" timestamp="2019-12-13T16:53:03Z" user="Ti_Ru" uid="7575709" lat="9.8799133" lon="78.0820473"/>
 <node id="7055147968" visible="true" version="2" changeset="119390745" timestamp="2022-04-06T14:35:16Z" user="Ti_Ru" uid="7575709" lat="9.8785119" lon="78.0799024"/>
 <node id="7055147969" visible="true" version="2" changeset="119390745" timestamp="2022-04-06T14:35:16Z" user="Ti_Ru" uid="7575709" lat="9.8766561" lon="78.0801119"/>
 <node id="7055147972" visible="true" version="1" changeset="78385600" timestamp="2019-12-13T16:53:03Z" user="Ti_Ru" uid="7575709" lat="9.8769661" lon="78.0813121"/>
 <node id="7055147974" visible="true" version="1" changeset="78385600" timestamp="2019-12-13T16:53:03Z" user="Ti_Ru" uid="7575709" lat="9.8787531" lon="78.0830973"/>
 <node id="7055147975" visible="true" version="1" changeset="78385600" timestamp="2019-12-13T16:53:03Z" user="Ti_Ru" uid="7575709" lat="9.8783921" lon="78.0826446"/>
 <node id="7055147976" visible="true" version="1" changeset="78385600" timestamp="2019-12-13T16:53:03Z" user="Ti_Ru" uid="7575709" lat="9.8776817" lon="78.0821366"/>
 <node id="7055147977" visible="true" version="1" changeset="78385600" timestamp="2019-12-13T16:53:03Z" user="Ti_Ru" uid="7575709" lat="9.8770676" lon="78.0815044"/>
 <node id="7055147978" visible="true" version="1" changeset="78385600" timestamp="2019-12-13T16:53:03Z" user="Ti_Ru" uid="7575709" lat="9.8797673" lon="78.0840257"/>
 <node id="7055147979" visible="true" version="1" changeset="78385600" timestamp="2019-12-13T16:53:03Z" user="Ti_Ru" uid="7575709" lat="9.8793534" lon="78.0844191"/>
 <node id="7055147980" visible="true" version="1" changeset="78385600" timestamp="2019-12-13T16:53:03Z" user="Ti_Ru" uid="7575709" lat="9.8792184" lon="78.0844610"/>
 <node id="7055147981" visible="true" version="1" changeset="78385600" timestamp="2019-12-13T16:53:03Z" user="Ti_Ru" uid="7575709" lat="9.8789977" lon="78.0844739"/>
 <node id="7055147982" visible="true" version="1" changeset="78385600" timestamp="2019-12-13T16:53:03Z" user="Ti_Ru" uid="7575709" lat="9.8788054" lon="78.0840270"/>
 <node id="7055147983" visible="true" version="1" changeset="78385600" timestamp="2019-12-13T16:53:03Z" user="Ti_Ru" uid="7575709" lat="9.8813577" lon="78.0834757"/>
 <node id="7055147984" visible="true" version="1" changeset="78385600" timestamp="2019-12-13T16:53:03Z" user="Ti_Ru" uid="7575709" lat="9.8809942" lon="78.0833871"/>
 <node id="7055147985" visible="true" version="1" changeset="78385600" timestamp="2019-12-13T16:53:03Z" user="Ti_Ru" uid="7575709" lat="9.8806995" lon="78.0824933"/>
 <node id="7055147986" visible="true" version="1" changeset="78385600" timestamp="2019-12-13T16:53:03Z" user="Ti_Ru" uid="7575709" lat="9.8808178" lon="78.0827270"/>
 <node id="7055147987" visible="true" version="1" changeset="78385600" timestamp="2019-12-13T16:53:03Z" user="Ti_Ru" uid="7575709" lat="9.8810037" lon="78.0827687"/>
 <node id="7055147988" visible="true" version="1" changeset="78385600" timestamp="2019-12-13T16:53:03Z" user="Ti_Ru" uid="7575709" lat="9.8806340" lon="78.0823883"/>
 <node id="7055147989" visible="true" version="1" changeset="78385600" timestamp="2019-12-13T16:53:03Z" user="Ti_Ru" uid="7575709" lat="9.8803661" lon="78.0822608"/>
 <node id="7055147990" visible="true" version="1" changeset="78385600" timestamp="2019-12-13T16:53:03Z" user="Ti_Ru" uid="7575709" lat="9.8799230" lon="78.0821514"/>
 <node id="7055147991" visible="true" version="2" changeset="78778682" timestamp="2019-12-23T14:42:12Z" user="Ti_Ru" uid="7575709" lat="9.8857001" lon="78.0800325"/>
 <node id="7055147992" visible="true" version="1" changeset="78385600" timestamp="2019-12-13T16:53:03Z" user="Ti_Ru" uid="7575709" lat="9.8861434" lon="78.0751381"/>
 <node id="7055147993" visible="true" version="1" changeset="78385600" timestamp="2019-12-13T16:53:03Z" user="Ti_Ru" uid="7575709" lat="9.8860681" lon="78.0751328"/>
 <node id="7055147994" visible="true" version="1" changeset="78385600" timestamp="2019-12-13T16:53:03Z" user="Ti_Ru" uid="7575709" lat="9.8864935" lon="78.0753044"/>
 <node id="7055147995" visible="true" version="1" changeset="78385600" timestamp="2019-12-13T16:53:03Z" user="Ti_Ru" uid="7575709" lat="9.8858587" lon="78.0752481"/>
 <node id="7055147996" visible="true" version="1" changeset="78385600" timestamp="2019-12-13T16:53:03Z" user="Ti_Ru" uid="7575709" lat="9.8865361" lon="78.0765828"/>
 <node id="7055147997" visible="true" version="1" changeset="78385600" timestamp="2019-12-13T16:53:03Z" user="Ti_Ru" uid="7575709" lat="9.8865789" lon="78.0755279"/>
 <node id="7055147998" visible="true" version="1" changeset="78385600" timestamp="2019-12-13T16:53:03Z" user="Ti_Ru" uid="7575709" lat="9.8857460" lon="78.0772879"/>
 <node id="7055147999" visible="true" version="1" changeset="78385600" timestamp="2019-12-13T16:53:03Z" user="Ti_Ru" uid="7575709" lat="9.8857812" lon="78.0762439"/>
 <node id="7055148000" visible="true" version="1" changeset="78385600" timestamp="2019-12-13T16:53:03Z" user="Ti_Ru" uid="7575709" lat="9.8856554" lon="78.0790508"/>
 <node id="7055148001" visible="true" version="2" changeset="78778682" timestamp="2019-12-23T14:42:12Z" user="Ti_Ru" uid="7575709" lat="9.8865211" lon="78.0786087"/>
 <node id="7055148002" visible="true" version="2" changeset="78778682" timestamp="2019-12-23T14:42:12Z" user="Ti_Ru" uid="7575709" lat="9.8862698" lon="78.0793026"/>
 <node id="7055148003" visible="true" version="2" changeset="78778682" timestamp="2019-12-23T14:42:12Z" user="Ti_Ru" uid="7575709" lat="9.8859499" lon="78.0802133"/>
 <node id="7055148004" visible="true" version="1" changeset="78385600" timestamp="2019-12-13T16:53:03Z" user="Ti_Ru" uid="7575709" lat="9.8855770" lon="78.0792966"/>
 <node id="7055148005" visible="true" version="2" changeset="78778682" timestamp="2019-12-23T14:42:12Z" user="Ti_Ru" uid="7575709" lat="9.8859023" lon="78.0800331"/>
 <node id="7055148006" visible="true" version="2" changeset="78778682" timestamp="2019-12-23T14:42:12Z" user="Ti_Ru" uid="7575709" lat="9.8858983" lon="78.0800006"/>
 <node id="7055148007" visible="true" version="1" changeset="78385600" timestamp="2019-12-13T16:53:03Z" user="Ti_Ru" uid="7575709" lat="9.8815067" lon="78.0835366"/>
 <node id="7055148008" visible="true" version="1" changeset="78385600" timestamp="2019-12-13T16:53:03Z" user="Ti_Ru" uid="7575709" lat="9.8814953" lon="78.0834905"/>
 <node id="7055148009" visible="true" version="1" changeset="78385600" timestamp="2019-12-13T16:53:03Z" user="Ti_Ru" uid="7575709" lat="9.8813411" lon="78.0833912"/>
 <node id="7080040296" visible="true" version="1" changeset="78778682" timestamp="2019-12-23T14:42:12Z" user="Ti_Ru" uid="7575709" lat="9.8814246" lon="78.0965634"/>
 <node id="7080040297" visible="true" version="1" changeset="78778682" timestamp="2019-12-23T14:42:12Z" user="Ti_Ru" uid="7575709" lat="9.8816413" lon="78.0965097"/>
 <node id="7080040298" visible="true" version="1" changeset="78778682" timestamp="2019-12-23T14:42:12Z" user="Ti_Ru" uid="7575709" lat="9.8822596" lon="78.0965741"/>
 <node id="7080040299" visible="true" version="1" changeset="78778682" timestamp="2019-12-23T14:42:12Z" user="Ti_Ru" uid="7575709" lat="9.8824129" lon="78.0966492"/>
 <node id="7080040300" visible="true" version="1" changeset="78778682" timestamp="2019-12-23T14:42:12Z" user="Ti_Ru" uid="7575709" lat="9.8828145" lon="78.0967243"/>
 <node id="7080040301" visible="true" version="1" changeset="78778682" timestamp="2019-12-23T14:42:12Z" user="Ti_Ru" uid="7575709" lat="9.8833060" lon="78.0969872"/>
 <node id="7080040302" visible="true" version="1" changeset="78778682" timestamp="2019-12-23T14:42:12Z" user="Ti_Ru" uid="7575709" lat="9.8832902" lon="78.0971427"/>
 <node id="7080040564" visible="true" version="1" changeset="78778682" timestamp="2019-12-23T14:42:12Z" user="Ti_Ru" uid="7575709" lat="9.8859393" lon="78.0800266"/>
 <node id="7080040565" visible="true" version="1" changeset="78778682" timestamp="2019-12-23T14:42:12Z" user="Ti_Ru" uid="7575709" lat="9.8856595" lon="78.0800483"/>
 <node id="7080040566" visible="true" version="1" changeset="78778682" timestamp="2019-12-23T14:42:12Z" user="Ti_Ru" uid="7575709" lat="9.8860683" lon="78.0797251"/>
 <node id="7080040567" visible="true" version="1" changeset="78778682" timestamp="2019-12-23T14:42:12Z" user="Ti_Ru" uid="7575709" lat="9.8859708" lon="78.0801543"/>
 <node id="7080040568" visible="true" version="1" changeset="78778682" timestamp="2019-12-23T14:42:12Z" user="Ti_Ru" uid="7575709" lat="9.8861340" lon="78.0794354"/>
 <node id="7080040569" visible="true" version="1" changeset="78778682" timestamp="2019-12-23T14:42:12Z" user="Ti_Ru" uid="7575709" lat="9.8861352" lon="78.0793535"/>
 <node id="7080040570" visible="true" version="1" changeset="78778682" timestamp="2019-12-23T14:42:12Z" user="Ti_Ru" uid="7575709" lat="9.8862045" lon="78.0793073"/>
 <node id="7080040571" visible="true" version="1" changeset="78778682" timestamp="2019-12-23T14:42:12Z" user="Ti_Ru" uid="7575709" lat="9.8864615" lon="78.0788001"/>
 <node id="7080040572" visible="true" version="1" changeset="78778682" timestamp="2019-12-23T14:42:12Z" user="Ti_Ru" uid="7575709" lat="9.8863260" lon="78.0790258"/>
 <node id="7080040573" visible="true" version="1" changeset="78778682" timestamp="2019-12-23T14:42:12Z" user="Ti_Ru" uid="7575709" lat="9.8863177" lon="78.0791749"/>
 <node id="7080040574" visible="true" version="1" changeset="78778682" timestamp="2019-12-23T14:42:12Z" user="Ti_Ru" uid="7575709" lat="9.8864070" lon="78.0789103"/>
 <node id="7080040575" visible="true" version="3" changeset="128517151" timestamp="2022-11-05T11:42:46Z" user="harshavardhan200604tt" uid="17587423" lat="9.8853521" lon="78.0800658"/>
 <node id="7080040576" visible="true" version="1" changeset="78778682" timestamp="2019-12-23T14:42:12Z" user="Ti_Ru" uid="7575709" lat="9.8850941" lon="78.0767401"/>
 <node id="7080040577" visible="true" version="1" changeset="78778682" timestamp="2019-12-23T14:42:12Z" user="Ti_Ru" uid="7575709" lat="9.8851945" lon="78.0773073"/>
 <node id="7080040578" visible="true" version="1" changeset="78778682" timestamp="2019-12-23T14:42:12Z" user="Ti_Ru" uid="7575709" lat="9.8850809" lon="78.0778331"/>
 <node id="7080040579" visible="true" version="1" changeset="78778682" timestamp="2019-12-23T14:42:12Z" user="Ti_Ru" uid="7575709" lat="9.8850730" lon="78.0781362"/>
 <node id="7080040580" visible="true" version="1" changeset="78778682" timestamp="2019-12-23T14:42:12Z" user="Ti_Ru" uid="7575709" lat="9.8849118" lon="78.0780932"/>
 <node id="7080040581" visible="true" version="1" changeset="78778682" timestamp="2019-12-23T14:42:12Z" user="Ti_Ru" uid="7575709" lat="9.8848642" lon="78.0783400"/>
 <node id="7080040582" visible="true" version="1" changeset="78778682" timestamp="2019-12-23T14:42:12Z" user="Ti_Ru" uid="7575709" lat="9.8850148" lon="78.0783775"/>
 <node id="7080040583" visible="true" version="2" changeset="135434692" timestamp="2023-04-27T16:08:19Z" user="gbas" uid="19080331" lat="9.8807422" lon="78.0822753"/>
 <node id="7080040584" visible="true" version="1" changeset="78778682" timestamp="2019-12-23T14:42:12Z" user="Ti_Ru" uid="7575709" lat="9.8803339" lon="78.0820969"/>
 <node id="7080040585" visible="true" version="1" changeset="78778682" timestamp="2019-12-23T14:42:12Z" user="Ti_Ru" uid="7575709" lat="9.8805664" lon="78.0761375"/>
 <node id="7080040586" visible="true" version="1" changeset="78778682" timestamp="2019-12-23T14:42:12Z" user="Ti_Ru" uid="7575709" lat="9.8807144" lon="78.0761053"/>
 <node id="7080040587" visible="true" version="1" changeset="78778682" timestamp="2019-12-23T14:42:12Z" user="Ti_Ru" uid="7575709" lat="9.8810421" lon="78.0754938"/>
 <node id="7080040588" visible="true" version="1" changeset="78778682" timestamp="2019-12-23T14:42:12Z" user="Ti_Ru" uid="7575709" lat="9.8813063" lon="78.0751719"/>
 <node id="7080040589" visible="true" version="1" changeset="78778682" timestamp="2019-12-23T14:42:12Z" user="Ti_Ru" uid="7575709" lat="9.8814590" lon="78.0752288"/>
 <node id="7080040590" visible="true" version="1" changeset="78778682" timestamp="2019-12-23T14:42:12Z" user="Ti_Ru" uid="7575709" lat="9.8817021" lon="78.0751912"/>
 <node id="7080040591" visible="true" version="1" changeset="78778682" timestamp="2019-12-23T14:42:12Z" user="Ti_Ru" uid="7575709" lat="9.8818131" lon="78.0750142"/>
 <node id="7080040592" visible="true" version="1" changeset="78778682" timestamp="2019-12-23T14:42:12Z" user="Ti_Ru" uid="7575709" lat="9.8818924" lon="78.0749123"/>
 <node id="7080040593" visible="true" version="1" changeset="78778682" timestamp="2019-12-23T14:42:12Z" user="Ti_Ru" uid="7575709" lat="9.8819558" lon="78.0748264"/>
 <node id="7080040594" visible="true" version="1" changeset="78778682" timestamp="2019-12-23T14:42:12Z" user="Ti_Ru" uid="7575709" lat="9.8826428" lon="78.0748801"/>
 <node id="7080040595" visible="true" version="1" changeset="78778682" timestamp="2019-12-23T14:42:12Z" user="Ti_Ru" uid="7575709" lat="9.8826058" lon="78.0750625"/>
 <node id="7080040596" visible="true" version="1" changeset="78778682" timestamp="2019-12-23T14:42:12Z" user="Ti_Ru" uid="7575709" lat="9.8828617" lon="78.0751483"/>
 <node id="7080040597" visible="true" version="1" changeset="78778682" timestamp="2019-12-23T14:42:12Z" user="Ti_Ru" uid="7575709" lat="9.8829780" lon="78.0750356"/>
 <node id="7080040598" visible="true" version="1" changeset="78778682" timestamp="2019-12-23T14:42:12Z" user="Ti_Ru" uid="7575709" lat="9.8832605" lon="78.0752770"/>
 <node id="7080040599" visible="true" version="1" changeset="78778682" timestamp="2019-12-23T14:42:12Z" user="Ti_Ru" uid="7575709" lat="9.8834017" lon="78.0753064"/>
 <node id="7080040600" visible="true" version="1" changeset="78778682" timestamp="2019-12-23T14:42:12Z" user="Ti_Ru" uid="7575709" lat="9.8834407" lon="78.0754821"/>
 <node id="7080040601" visible="true" version="1" changeset="78778682" timestamp="2019-12-23T14:42:12Z" user="Ti_Ru" uid="7575709" lat="9.8835186" lon="78.0754840"/>
 <node id="7080040602" visible="true" version="1" changeset="78778682" timestamp="2019-12-23T14:42:12Z" user="Ti_Ru" uid="7575709" lat="9.8835992" lon="78.0756495"/>
 <node id="7080040603" visible="true" version="1" changeset="78778682" timestamp="2019-12-23T14:42:12Z" user="Ti_Ru" uid="7575709" lat="9.8836309" lon="78.0755837"/>
 <node id="7080040604" visible="true" version="1" changeset="78778682" timestamp="2019-12-23T14:42:12Z" user="Ti_Ru" uid="7575709" lat="9.8838119" lon="78.0755639"/>
 <node id="7080040605" visible="true" version="1" changeset="78778682" timestamp="2019-12-23T14:42:12Z" user="Ti_Ru" uid="7575709" lat="9.8838740" lon="78.0757827"/>
 <node id="7080040606" visible="true" version="1" changeset="78778682" timestamp="2019-12-23T14:42:12Z" user="Ti_Ru" uid="7575709" lat="9.8837987" lon="78.0757876"/>
 <node id="7080040607" visible="true" version="1" changeset="78778682" timestamp="2019-12-23T14:42:12Z" user="Ti_Ru" uid="7575709" lat="9.8838013" lon="78.0759354"/>
 <node id="7080040608" visible="true" version="1" changeset="78778682" timestamp="2019-12-23T14:42:12Z" user="Ti_Ru" uid="7575709" lat="9.8836216" lon="78.0759433"/>
 <node id="7080040609" visible="true" version="1" changeset="78778682" timestamp="2019-12-23T14:42:12Z" user="Ti_Ru" uid="7575709" lat="9.8836388" lon="78.0760484"/>
 <node id="7080040610" visible="true" version="1" changeset="78778682" timestamp="2019-12-23T14:42:12Z" user="Ti_Ru" uid="7575709" lat="9.8838634" lon="78.0760519"/>
 <node id="7080040611" visible="true" version="1" changeset="78778682" timestamp="2019-12-23T14:42:12Z" user="Ti_Ru" uid="7575709" lat="9.8843017" lon="78.0762035"/>
 <node id="7080040612" visible="true" version="1" changeset="78778682" timestamp="2019-12-23T14:42:12Z" user="Ti_Ru" uid="7575709" lat="9.8843100" lon="78.0762253"/>
 <node id="7080040613" visible="true" version="1" changeset="78778682" timestamp="2019-12-23T14:42:12Z" user="Ti_Ru" uid="7575709" lat="9.8843840" lon="78.0762427"/>
 <node id="7080040614" visible="true" version="1" changeset="78778682" timestamp="2019-12-23T14:42:12Z" user="Ti_Ru" uid="7575709" lat="9.8843731" lon="78.0765363"/>
 <node id="7080040615" visible="true" version="1" changeset="78778682" timestamp="2019-12-23T14:42:12Z" user="Ti_Ru" uid="7575709" lat="9.8846834" lon="78.0765557"/>
 <node id="7080040616" visible="true" version="1" changeset="78778682" timestamp="2019-12-23T14:42:12Z" user="Ti_Ru" uid="7575709" lat="9.8847262" lon="78.0765748"/>
 <node id="7080040617" visible="true" version="1" changeset="78778682" timestamp="2019-12-23T14:42:12Z" user="Ti_Ru" uid="7575709" lat="9.8848679" lon="78.0765495"/>
 <node id="7080040618" visible="true" version="1" changeset="78778682" timestamp="2019-12-23T14:42:12Z" user="Ti_Ru" uid="7575709" lat="9.8848291" lon="78.0763558"/>
 <node id="7080040619" visible="true" version="1" changeset="78778682" timestamp="2019-12-23T14:42:12Z" user="Ti_Ru" uid="7575709" lat="9.8851571" lon="78.0763139"/>
 <node id="7080040620" visible="true" version="1" changeset="78778682" timestamp="2019-12-23T14:42:12Z" user="Ti_Ru" uid="7575709" lat="9.8851124" lon="78.0764358"/>
 <node id="7080040621" visible="true" version="1" changeset="78778682" timestamp="2019-12-23T14:42:12Z" user="Ti_Ru" uid="7575709" lat="9.8851625" lon="78.0764432"/>
 <node id="7080040622" visible="true" version="1" changeset="78778682" timestamp="2019-12-23T14:42:12Z" user="Ti_Ru" uid="7575709" lat="9.8851609" lon="78.0762557"/>
 <node id="7080040623" visible="true" version="1" changeset="78778682" timestamp="2019-12-23T14:42:12Z" user="Ti_Ru" uid="7575709" lat="9.8848642" lon="78.0762306"/>
 <node id="7080040624" visible="true" version="1" changeset="78778682" timestamp="2019-12-23T14:42:12Z" user="Ti_Ru" uid="7575709" lat="9.8849021" lon="78.0763415"/>
 <node id="7553427995" visible="true" version="1" changeset="85677199" timestamp="2020-05-24T10:15:19Z" user="Ti_Ru" uid="7575709" lat="9.8839812" lon="78.0822813"/>
 <node id="7553427996" visible="true" version="1" changeset="85677199" timestamp="2020-05-24T10:15:19Z" user="Ti_Ru" uid="7575709" lat="9.8837085" lon="78.0822751"/>
 <node id="7553427997" visible="true" version="1" changeset="85677199" timestamp="2020-05-24T10:15:19Z" user="Ti_Ru" uid="7575709" lat="9.8837049" lon="78.0824402"/>
 <node id="7553427998" visible="true" version="1" changeset="85677199" timestamp="2020-05-24T10:15:19Z" user="Ti_Ru" uid="7575709" lat="9.8839776" lon="78.0824463"/>
 <node id="7553427999" visible="true" version="1" changeset="85677199" timestamp="2020-05-24T10:15:19Z" user="Ti_Ru" uid="7575709" lat="9.8833184" lon="78.0822280"/>
 <node id="7553428000" visible="true" version="1" changeset="85677199" timestamp="2020-05-24T10:15:19Z" user="Ti_Ru" uid="7575709" lat="9.8835363" lon="78.0822334"/>
 <node id="7553428001" visible="true" version="1" changeset="85677199" timestamp="2020-05-24T10:15:19Z" user="Ti_Ru" uid="7575709" lat="9.8835335" lon="78.0823514"/>
 <node id="7553428002" visible="true" version="1" changeset="85677199" timestamp="2020-05-24T10:15:19Z" user="Ti_Ru" uid="7575709" lat="9.8833155" lon="78.0823460"/>
 <node id="7553428003" visible="true" version="1" changeset="85677199" timestamp="2020-05-24T10:15:19Z" user="Ti_Ru" uid="7575709" lat="9.8835152" lon="78.0823533"/>
 <node id="7553428004" visible="true" version="1" changeset="85677199" timestamp="2020-05-24T10:15:19Z" user="Ti_Ru" uid="7575709" lat="9.8835114" lon="78.0824776"/>
 <node id="7553428005" visible="true" version="1" changeset="85677199" timestamp="2020-05-24T10:15:19Z" user="Ti_Ru" uid="7575709" lat="9.8832908" lon="78.0824707"/>
 <node id="7553428006" visible="true" version="1" changeset="85677199" timestamp="2020-05-24T10:15:19Z" user="Ti_Ru" uid="7575709" lat="9.8832946" lon="78.0823464"/>
 <node id="7553428007" visible="true" version="1" changeset="85677199" timestamp="2020-05-24T10:15:19Z" user="Ti_Ru" uid="7575709" lat="9.8836749" lon="78.0825821">
  <tag k="artwork_type" v="statue"/>
  <tag k="tourism" v="artwork"/>
 </node>
 <node id="7553428008" visible="true" version="1" changeset="85677199" timestamp="2020-05-24T10:15:19Z" user="Ti_Ru" uid="7575709" lat="9.8835186" lon="78.0825716"/>
 <node id="7553428009" visible="true" version="1" changeset="85677199" timestamp="2020-05-24T10:15:19Z" user="Ti_Ru" uid="7575709" lat="9.8835161" lon="78.0826434"/>
 <node id="7553428010" visible="true" version="1" changeset="85677199" timestamp="2020-05-24T10:15:19Z" user="Ti_Ru" uid="7575709" lat="9.8832003" lon="78.0826319"/>
 <node id="7553428011" visible="true" version="1" changeset="85677199" timestamp="2020-05-24T10:15:19Z" user="Ti_Ru" uid="7575709" lat="9.8832029" lon="78.0825602"/>
 <node id="7553428021" visible="true" version="1" changeset="85677199" timestamp="2020-05-24T10:15:19Z" user="Ti_Ru" uid="7575709" lat="9.8839441" lon="78.0825492"/>
 <node id="7553428022" visible="true" version="1" changeset="85677199" timestamp="2020-05-24T10:15:19Z" user="Ti_Ru" uid="7575709" lat="9.8856188" lon="78.0811500"/>
 <node id="7553428024" visible="true" version="1" changeset="85677199" timestamp="2020-05-24T10:15:19Z" user="Ti_Ru" uid="7575709" lat="9.8829857" lon="78.0838017"/>
 <node id="7553428025" visible="true" version="1" changeset="85677199" timestamp="2020-05-24T10:15:19Z" user="Ti_Ru" uid="7575709" lat="9.8829825" lon="78.0837914"/>
 <node id="7553428026" visible="true" version="1" changeset="85677199" timestamp="2020-05-24T10:15:19Z" user="Ti_Ru" uid="7575709" lat="9.8829251" lon="78.0838101"/>
 <node id="7553428027" visible="true" version="1" changeset="85677199" timestamp="2020-05-24T10:15:19Z" user="Ti_Ru" uid="7575709" lat="9.8829279" lon="78.0838194"/>
 <node id="7553428028" visible="true" version="1" changeset="85677199" timestamp="2020-05-24T10:15:19Z" user="Ti_Ru" uid="7575709" lat="9.8829760" lon="78.0837829"/>
 <node id="7553428029" visible="true" version="1" changeset="85677199" timestamp="2020-05-24T10:15:19Z" user="Ti_Ru" uid="7575709" lat="9.8829670" lon="78.0837771"/>
 <node id="7553428030" visible="true" version="1" changeset="85677199" timestamp="2020-05-24T10:15:19Z" user="Ti_Ru" uid="7575709" lat="9.8829566" lon="78.0837749"/>
 <node id="7553428031" visible="true" version="1" changeset="85677199" timestamp="2020-05-24T10:15:19Z" user="Ti_Ru" uid="7575709" lat="9.8829461" lon="78.0837763"/>
 <node id="7553428032" visible="true" version="1" changeset="85677199" timestamp="2020-05-24T10:15:19Z" user="Ti_Ru" uid="7575709" lat="9.8829367" lon="78.0837814"/>
 <node id="7553428033" visible="true" version="1" changeset="85677199" timestamp="2020-05-24T10:15:19Z" user="Ti_Ru" uid="7575709" lat="9.8829296" lon="78.0837893"/>
 <node id="7553428034" visible="true" version="1" changeset="85677199" timestamp="2020-05-24T10:15:19Z" user="Ti_Ru" uid="7575709" lat="9.8829255" lon="78.0837993"/>
 <node id="7553428035" visible="true" version="1" changeset="85677199" timestamp="2020-05-24T10:15:19Z" user="Ti_Ru" uid="7575709" lat="9.8829334" lon="78.0838273"/>
 <node id="7553428036" visible="true" version="1" changeset="85677199" timestamp="2020-05-24T10:15:19Z" user="Ti_Ru" uid="7575709" lat="9.8829410" lon="78.0838332"/>
 <node id="7553428037" visible="true" version="1" changeset="85677199" timestamp="2020-05-24T10:15:19Z" user="Ti_Ru" uid="7575709" lat="9.8829500" lon="78.0838364"/>
 <node id="7553428038" visible="true" version="1" changeset="85677199" timestamp="2020-05-24T10:15:19Z" user="Ti_Ru" uid="7575709" lat="9.8829596" lon="78.0838366"/>
 <node id="7553428039" visible="true" version="1" changeset="85677199" timestamp="2020-05-24T10:15:19Z" user="Ti_Ru" uid="7575709" lat="9.8829687" lon="78.0838338"/>
 <node id="7553428040" visible="true" version="1" changeset="85677199" timestamp="2020-05-24T10:15:19Z" user="Ti_Ru" uid="7575709" lat="9.8829766" lon="78.0838283"/>
 <node id="7553428041" visible="true" version="1" changeset="85677199" timestamp="2020-05-24T10:15:19Z" user="Ti_Ru" uid="7575709" lat="9.8829824" lon="78.0838205"/>
 <node id="7553428042" visible="true" version="1" changeset="85677199" timestamp="2020-05-24T10:15:19Z" user="Ti_Ru" uid="7575709" lat="9.8829855" lon="78.0838114"/>
 <node id="7553428043" visible="true" version="1" changeset="85677199" timestamp="2020-05-24T10:15:19Z" user="Ti_Ru" uid="7575709" lat="9.8830314" lon="78.0838119"/>
 <node id="7553428044" visible="true" version="1" changeset="85677199" timestamp="2020-05-24T10:15:19Z" user="Ti_Ru" uid="7575709" lat="9.8830290" lon="78.0837848"/>
 <node id="7553428045" visible="true" version="1" changeset="85677199" timestamp="2020-05-24T10:15:19Z" user="Ti_Ru" uid="7575709" lat="9.8828779" lon="78.0837987"/>
 <node id="7553428046" visible="true" version="1" changeset="85677199" timestamp="2020-05-24T10:15:19Z" user="Ti_Ru" uid="7575709" lat="9.8828796" lon="78.0838231"/>
 <node id="7553428047" visible="true" version="1" changeset="85677199" timestamp="2020-05-24T10:15:19Z" user="Ti_Ru" uid="7575709" lat="9.8830176" lon="78.0837603"/>
 <node id="7553428048" visible="true" version="1" changeset="85677199" timestamp="2020-05-24T10:15:19Z" user="Ti_Ru" uid="7575709" lat="9.8829986" lon="78.0837411"/>
 <node id="7553428049" visible="true" version="1" changeset="85677199" timestamp="2020-05-24T10:15:19Z" user="Ti_Ru" uid="7575709" lat="9.8829744" lon="78.0837297"/>
 <node id="7553428050" visible="true" version="1" changeset="85677199" timestamp="2020-05-24T10:15:19Z" user="Ti_Ru" uid="7575709" lat="9.8829477" lon="78.0837274"/>
 <node id="7553428051" visible="true" version="1" changeset="85677199" timestamp="2020-05-24T10:15:19Z" user="Ti_Ru" uid="7575709" lat="9.8829219" lon="78.0837345"/>
 <node id="7553428052" visible="true" version="1" changeset="85677199" timestamp="2020-05-24T10:15:19Z" user="Ti_Ru" uid="7575709" lat="9.8829000" lon="78.0837502"/>
 <node id="7553428053" visible="true" version="1" changeset="85677199" timestamp="2020-05-24T10:15:19Z" user="Ti_Ru" uid="7575709" lat="9.8828847" lon="78.0837724"/>
 <node id="7553428054" visible="true" version="1" changeset="85677199" timestamp="2020-05-24T10:15:19Z" user="Ti_Ru" uid="7575709" lat="9.8828887" lon="78.0838457"/>
 <node id="7553428055" visible="true" version="1" changeset="85677199" timestamp="2020-05-24T10:15:19Z" user="Ti_Ru" uid="7575709" lat="9.8829043" lon="78.0838644"/>
 <node id="7553428056" visible="true" version="1" changeset="85677199" timestamp="2020-05-24T10:15:19Z" user="Ti_Ru" uid="7575709" lat="9.8829247" lon="78.0838773"/>
 <node id="7553428057" visible="true" version="1" changeset="85677199" timestamp="2020-05-24T10:15:19Z" user="Ti_Ru" uid="7575709" lat="9.8829481" lon="78.0838832"/>
 <node id="7553428058" visible="true" version="1" changeset="85677199" timestamp="2020-05-24T10:15:19Z" user="Ti_Ru" uid="7575709" lat="9.8829722" lon="78.0838814"/>
 <node id="7553428059" visible="true" version="1" changeset="85677199" timestamp="2020-05-24T10:15:19Z" user="Ti_Ru" uid="7575709" lat="9.8829945" lon="78.0838722"/>
 <node id="7553428060" visible="true" version="1" changeset="85677199" timestamp="2020-05-24T10:15:19Z" user="Ti_Ru" uid="7575709" lat="9.8830129" lon="78.0838564"/>
 <node id="7553428061" visible="true" version="1" changeset="85677199" timestamp="2020-05-24T10:15:19Z" user="Ti_Ru" uid="7575709" lat="9.8830256" lon="78.0838356"/>
 <node id="7553428062" visible="true" version="1" changeset="85677199" timestamp="2020-05-24T10:15:19Z" user="Ti_Ru" uid="7575709" lat="9.8828758" lon="78.0827031"/>
 <node id="7553428063" visible="true" version="1" changeset="85677199" timestamp="2020-05-24T10:15:19Z" user="Ti_Ru" uid="7575709" lat="9.8830145" lon="78.0827077"/>
 <node id="7553428064" visible="true" version="1" changeset="85677199" timestamp="2020-05-24T10:15:19Z" user="Ti_Ru" uid="7575709" lat="9.8829986" lon="78.0831937"/>
 <node id="7553428065" visible="true" version="1" changeset="85677199" timestamp="2020-05-24T10:15:19Z" user="Ti_Ru" uid="7575709" lat="9.8828600" lon="78.0831890"/>
 <node id="7553428066" visible="true" version="1" changeset="85677199" timestamp="2020-05-24T10:15:19Z" user="Ti_Ru" uid="7575709" lat="9.8829100" lon="78.0819820"/>
 <node id="7553428067" visible="true" version="1" changeset="85677199" timestamp="2020-05-24T10:15:19Z" user="Ti_Ru" uid="7575709" lat="9.8830487" lon="78.0819867"/>
 <node id="7553428068" visible="true" version="1" changeset="85677199" timestamp="2020-05-24T10:15:19Z" user="Ti_Ru" uid="7575709" lat="9.8830328" lon="78.0824726"/>
 <node id="7553428069" visible="true" version="1" changeset="85677199" timestamp="2020-05-24T10:15:19Z" user="Ti_Ru" uid="7575709" lat="9.8828942" lon="78.0824680"/>
 <node id="7553428070" visible="true" version="3" changeset="115778802" timestamp="2022-01-05T04:25:01Z" user="hariharanca" uid="14780476" lat="9.8821345" lon="78.0836237"/>
 <node id="7553428071" visible="true" version="3" changeset="115778802" timestamp="2022-01-05T04:25:01Z" user="hariharanca" uid="14780476" lat="9.8819177" lon="78.0836229"/>
 <node id="7553428072" visible="true" version="3" changeset="115778802" timestamp="2022-01-05T04:25:01Z" user="hariharanca" uid="14780476" lat="9.8819172" lon="78.0837719"/>
 <node id="7553428073" visible="true" version="3" changeset="115778802" timestamp="2022-01-05T04:25:01Z" user="hariharanca" uid="14780476" lat="9.8820452" lon="78.0837724"/>
 <node id="7553428074" visible="true" version="3" changeset="115778802" timestamp="2022-01-05T04:25:01Z" user="hariharanca" uid="14780476" lat="9.8820454" lon="78.0837083"/>
 <node id="7553428075" visible="true" version="3" changeset="115778802" timestamp="2022-01-05T04:25:01Z" user="hariharanca" uid="14780476" lat="9.8821342" lon="78.0837086"/>
 <node id="7553428076" visible="true" version="1" changeset="85677199" timestamp="2020-05-24T10:15:19Z" user="Ti_Ru" uid="7575709" lat="9.8825431" lon="78.0802116"/>
 <node id="7553428077" visible="true" version="1" changeset="85677199" timestamp="2020-05-24T10:15:19Z" user="Ti_Ru" uid="7575709" lat="9.8828757" lon="78.0802184"/>
 <node id="7553428078" visible="true" version="1" changeset="85677199" timestamp="2020-05-24T10:15:19Z" user="Ti_Ru" uid="7575709" lat="9.8828673" lon="78.0806415"/>
 <node id="7553428079" visible="true" version="1" changeset="85677199" timestamp="2020-05-24T10:15:19Z" user="Ti_Ru" uid="7575709" lat="9.8825346" lon="78.0806346"/>
 <node id="7572270263" visible="true" version="2" changeset="128517151" timestamp="2022-11-05T11:42:46Z" user="harshavardhan200604tt" uid="17587423" lat="9.8852310" lon="78.0799419"/>
 <node id="7572270264" visible="true" version="2" changeset="128517151" timestamp="2022-11-05T11:42:46Z" user="harshavardhan200604tt" uid="17587423" lat="9.8849065" lon="78.0794683"/>
 <node id="7572270265" visible="true" version="2" changeset="128517151" timestamp="2022-11-05T11:42:46Z" user="harshavardhan200604tt" uid="17587423" lat="9.8848972" lon="78.0799198"/>
 <node id="7572270266" visible="true" version="2" changeset="128517151" timestamp="2022-11-05T11:42:46Z" user="harshavardhan200604tt" uid="17587423" lat="9.8849489" lon="78.0799172"/>
 <node id="7572270267" visible="true" version="2" changeset="128517151" timestamp="2022-11-05T11:42:46Z" user="harshavardhan200604tt" uid="17587423" lat="9.8849462" lon="78.0800416"/>
 <node id="7572270268" visible="true" version="2" changeset="128517151" timestamp="2022-11-05T11:42:46Z" user="harshavardhan200604tt" uid="17587423" lat="9.8848499" lon="78.0799593"/>
 <node id="7572270269" visible="true" version="2" changeset="128517151" timestamp="2022-11-05T11:42:46Z" user="harshavardhan200604tt" uid="17587423" lat="9.8848403" lon="78.0803178"/>
 <node id="7572270270" visible="true" version="2" changeset="128517151" timestamp="2022-11-05T11:42:46Z" user="harshavardhan200604tt" uid="17587423" lat="9.8847706" lon="78.0803179"/>
 <node id="7572270271" visible="true" version="2" changeset="128517151" timestamp="2022-11-05T11:42:46Z" user="harshavardhan200604tt" uid="17587423" lat="9.8847822" lon="78.0799187"/>
 <node id="7572270272" visible="true" version="2" changeset="128517151" timestamp="2022-11-05T11:42:46Z" user="harshavardhan200604tt" uid="17587423" lat="9.8848273" lon="78.0799170"/>
 <node id="7572270273" visible="true" version="2" changeset="128517151" timestamp="2022-11-05T11:42:46Z" user="harshavardhan200604tt" uid="17587423" lat="9.8848421" lon="78.0794679"/>
 <node id="7572270274" visible="true" version="2" changeset="128517151" timestamp="2022-11-05T11:42:46Z" user="harshavardhan200604tt" uid="17587423" lat="9.8845066" lon="78.0794395"/>
 <node id="7572270275" visible="true" version="2" changeset="128517151" timestamp="2022-11-05T11:42:46Z" user="harshavardhan200604tt" uid="17587423" lat="9.8844884" lon="78.0798790"/>
 <node id="7572270276" visible="true" version="2" changeset="128517151" timestamp="2022-11-05T11:42:46Z" user="harshavardhan200604tt" uid="17587423" lat="9.8845386" lon="78.0798794"/>
 <node id="7572270277" visible="true" version="2" changeset="128517151" timestamp="2022-11-05T11:42:46Z" user="harshavardhan200604tt" uid="17587423" lat="9.8845344" lon="78.0800169"/>
 <node id="7572270278" visible="true" version="2" changeset="128517151" timestamp="2022-11-05T11:42:46Z" user="harshavardhan200604tt" uid="17587423" lat="9.8844451" lon="78.0799323"/>
 <node id="7572270279" visible="true" version="2" changeset="128517151" timestamp="2022-11-05T11:42:46Z" user="harshavardhan200604tt" uid="17587423" lat="9.8844285" lon="78.0803818"/>
 <node id="7572270280" visible="true" version="2" changeset="128517151" timestamp="2022-11-05T11:42:46Z" user="harshavardhan200604tt" uid="17587423" lat="9.8843570" lon="78.0803802"/>
 <node id="7572270281" visible="true" version="2" changeset="128517151" timestamp="2022-11-05T11:42:46Z" user="harshavardhan200604tt" uid="17587423" lat="9.8843772" lon="78.0798866"/>
 <node id="7572270282" visible="true" version="2" changeset="128517151" timestamp="2022-11-05T11:42:46Z" user="harshavardhan200604tt" uid="17587423" lat="9.8844143" lon="78.0798869"/>
 <node id="7572270283" visible="true" version="2" changeset="128517151" timestamp="2022-11-05T11:42:46Z" user="harshavardhan200604tt" uid="17587423" lat="9.8844302" lon="78.0794353"/>
 <node id="7572270284" visible="true" version="2" changeset="128517151" timestamp="2022-11-05T11:42:46Z" user="harshavardhan200604tt" uid="17587423" lat="9.8840955" lon="78.0794145"/>
 <node id="7572301985" visible="true" version="2" changeset="128517151" timestamp="2022-11-05T11:42:46Z" user="harshavardhan200604tt" uid="17587423" lat="9.8840771" lon="78.0798615"/>
 <node id="7572301986" visible="true" version="2" changeset="128517151" timestamp="2022-11-05T11:42:46Z" user="harshavardhan200604tt" uid="17587423" lat="9.8841321" lon="78.0798611"/>
 <node id="7572301987" visible="true" version="2" changeset="128517151" timestamp="2022-11-05T11:42:46Z" user="harshavardhan200604tt" uid="17587423" lat="9.8841283" lon="78.0800004"/>
 <node id="7572301988" visible="true" version="2" changeset="128517151" timestamp="2022-11-05T11:42:46Z" user="harshavardhan200604tt" uid="17587423" lat="9.8840351" lon="78.0799044"/>
 <node id="7572301989" visible="true" version="2" changeset="128517151" timestamp="2022-11-05T11:42:46Z" user="harshavardhan200604tt" uid="17587423" lat="9.8840193" lon="78.0804558"/>
 <node id="7572301990" visible="true" version="2" changeset="128517151" timestamp="2022-11-05T11:42:46Z" user="harshavardhan200604tt" uid="17587423" lat="9.8839387" lon="78.0804553"/>
 <node id="7572301991" visible="true" version="2" changeset="128517151" timestamp="2022-11-05T11:42:46Z" user="harshavardhan200604tt" uid="17587423" lat="9.8839621" lon="78.0798661"/>
 <node id="7572301992" visible="true" version="2" changeset="128517151" timestamp="2022-11-05T11:42:46Z" user="harshavardhan200604tt" uid="17587423" lat="9.8839991" lon="78.0798656"/>
 <node id="7572301993" visible="true" version="2" changeset="128517151" timestamp="2022-11-05T11:42:46Z" user="harshavardhan200604tt" uid="17587423" lat="9.8840188" lon="78.0794140"/>
 <node id="7572301994" visible="true" version="1" changeset="85978313" timestamp="2020-05-30T10:59:03Z" user="Ti_Ru" uid="7575709" lat="9.8845357" lon="78.0786313"/>
 <node id="7572301995" visible="true" version="1" changeset="85978313" timestamp="2020-05-30T10:59:03Z" user="Ti_Ru" uid="7575709" lat="9.8845300" lon="78.0790473"/>
 <node id="7572301996" visible="true" version="1" changeset="85978313" timestamp="2020-05-30T10:59:03Z" user="Ti_Ru" uid="7575709" lat="9.8844734" lon="78.0790465"/>
 <node id="7572301997" visible="true" version="1" changeset="85978313" timestamp="2020-05-30T10:59:03Z" user="Ti_Ru" uid="7575709" lat="9.8844698" lon="78.0793116"/>
 <node id="7572301998" visible="true" version="1" changeset="85978313" timestamp="2020-05-30T10:59:03Z" user="Ti_Ru" uid="7575709" lat="9.8843680" lon="78.0793102"/>
 <node id="7572301999" visible="true" version="1" changeset="85978313" timestamp="2020-05-30T10:59:03Z" user="Ti_Ru" uid="7575709" lat="9.8843717" lon="78.0790298"/>
 <node id="7572302000" visible="true" version="1" changeset="85978313" timestamp="2020-05-30T10:59:03Z" user="Ti_Ru" uid="7575709" lat="9.8842817" lon="78.0790285"/>
 <node id="7572302001" visible="true" version="1" changeset="85978313" timestamp="2020-05-30T10:59:03Z" user="Ti_Ru" uid="7575709" lat="9.8844550" lon="78.0787928"/>
 <node id="7572302002" visible="true" version="1" changeset="85978313" timestamp="2020-05-30T10:59:03Z" user="Ti_Ru" uid="7575709" lat="9.8844571" lon="78.0786302"/>
 <node id="7572302003" visible="true" version="1" changeset="85978313" timestamp="2020-05-30T10:59:03Z" user="Ti_Ru" uid="7575709" lat="9.8842849" lon="78.0787904"/>
 <node id="7572302004" visible="true" version="1" changeset="85978313" timestamp="2020-05-30T10:59:03Z" user="Ti_Ru" uid="7575709" lat="9.8841748" lon="78.0788733"/>
 <node id="7572302005" visible="true" version="1" changeset="85978313" timestamp="2020-05-30T10:59:03Z" user="Ti_Ru" uid="7575709" lat="9.8841723" lon="78.0790310"/>
 <node id="7572302006" visible="true" version="1" changeset="85978313" timestamp="2020-05-30T10:59:03Z" user="Ti_Ru" uid="7575709" lat="9.8841156" lon="78.0790301"/>
 <node id="7572302007" visible="true" version="1" changeset="85978313" timestamp="2020-05-30T10:59:03Z" user="Ti_Ru" uid="7575709" lat="9.8841116" lon="78.0792947"/>
 <node id="7572302008" visible="true" version="1" changeset="85978313" timestamp="2020-05-30T10:59:03Z" user="Ti_Ru" uid="7575709" lat="9.8840072" lon="78.0792931"/>
 <node id="7572302009" visible="true" version="1" changeset="85978313" timestamp="2020-05-30T10:59:03Z" user="Ti_Ru" uid="7575709" lat="9.8840115" lon="78.0790123"/>
 <node id="7572302010" visible="true" version="1" changeset="85978313" timestamp="2020-05-30T10:59:03Z" user="Ti_Ru" uid="7575709" lat="9.8839669" lon="78.0790116"/>
 <node id="7572302011" visible="true" version="1" changeset="85978313" timestamp="2020-05-30T10:59:03Z" user="Ti_Ru" uid="7575709" lat="9.8839733" lon="78.0786023"/>
 <node id="7572302012" visible="true" version="1" changeset="85978313" timestamp="2020-05-30T10:59:03Z" user="Ti_Ru" uid="7575709" lat="9.8840634" lon="78.0786037"/>
 <node id="7572302013" visible="true" version="1" changeset="85978313" timestamp="2020-05-30T10:59:03Z" user="Ti_Ru" uid="7575709" lat="9.8840593" lon="78.0788714"/>
 <node id="7572302014" visible="true" version="1" changeset="85978313" timestamp="2020-05-30T10:59:03Z" user="Ti_Ru" uid="7575709" lat="9.8846925" lon="78.0790875"/>
 <node id="7572302015" visible="true" version="1" changeset="85978313" timestamp="2020-05-30T10:59:03Z" user="Ti_Ru" uid="7575709" lat="9.8846903" lon="78.0792852"/>
 <node id="7572302016" visible="true" version="1" changeset="85978313" timestamp="2020-05-30T10:59:03Z" user="Ti_Ru" uid="7575709" lat="9.8845450" lon="78.0792835"/>
 <node id="7572302017" visible="true" version="1" changeset="85978313" timestamp="2020-05-30T10:59:03Z" user="Ti_Ru" uid="7575709" lat="9.8845472" lon="78.0790858"/>
 <node id="7572302018" visible="true" version="2" changeset="128517151" timestamp="2022-11-05T11:42:46Z" user="harshavardhan200604tt" uid="17587423" lat="9.8838816" lon="78.0805220"/>
 <node id="7572302019" visible="true" version="2" changeset="128517151" timestamp="2022-11-05T11:42:46Z" user="harshavardhan200604tt" uid="17587423" lat="9.8836772" lon="78.0805199"/>
 <node id="7572302020" visible="true" version="2" changeset="128517151" timestamp="2022-11-05T11:42:46Z" user="harshavardhan200604tt" uid="17587423" lat="9.8837319" lon="78.0793683"/>
 <node id="7572302021" visible="true" version="2" changeset="128517151" timestamp="2022-11-05T11:42:46Z" user="harshavardhan200604tt" uid="17587423" lat="9.8839222" lon="78.0794077"/>
 <node id="7572302022" visible="true" version="1" changeset="85978313" timestamp="2020-05-30T10:59:03Z" user="Ti_Ru" uid="7575709" lat="9.8851176" lon="78.0805332"/>
 <node id="7572302023" visible="true" version="1" changeset="85978313" timestamp="2020-05-30T10:59:03Z" user="Ti_Ru" uid="7575709" lat="9.8853356" lon="78.0805345"/>
 <node id="7572302024" visible="true" version="1" changeset="85978313" timestamp="2020-05-30T10:59:03Z" user="Ti_Ru" uid="7575709" lat="9.8853348" lon="78.0806679"/>
 <node id="7572302025" visible="true" version="1" changeset="85978313" timestamp="2020-05-30T10:59:03Z" user="Ti_Ru" uid="7575709" lat="9.8851169" lon="78.0806666"/>
 <node id="7572302026" visible="true" version="1" changeset="85978313" timestamp="2020-05-30T10:59:03Z" user="Ti_Ru" uid="7575709" lat="9.8848933" lon="78.0809345"/>
 <node id="7572302027" visible="true" version="1" changeset="85978313" timestamp="2020-05-30T10:59:03Z" user="Ti_Ru" uid="7575709" lat="9.8851113" lon="78.0809358"/>
 <node id="7572302028" visible="true" version="1" changeset="85978313" timestamp="2020-05-30T10:59:03Z" user="Ti_Ru" uid="7575709" lat="9.8851106" lon="78.0810692"/>
 <node id="7572302029" visible="true" version="1" changeset="85978313" timestamp="2020-05-30T10:59:03Z" user="Ti_Ru" uid="7575709" lat="9.8848926" lon="78.0810679"/>
 <node id="7572302030" visible="true" version="1" changeset="85978313" timestamp="2020-05-30T10:59:03Z" user="Ti_Ru" uid="7575709" lat="9.8848642" lon="78.0805111"/>
 <node id="7572302031" visible="true" version="1" changeset="85978313" timestamp="2020-05-30T10:59:03Z" user="Ti_Ru" uid="7575709" lat="9.8848539" lon="78.0806553"/>
 <node id="7572302032" visible="true" version="1" changeset="85978313" timestamp="2020-05-30T10:59:03Z" user="Ti_Ru" uid="7575709" lat="9.8847406" lon="78.0806470"/>
 <node id="7572302033" visible="true" version="1" changeset="85978313" timestamp="2020-05-30T10:59:03Z" user="Ti_Ru" uid="7575709" lat="9.8847508" lon="78.0805028"/>
 <node id="7572302042" visible="true" version="1" changeset="85978313" timestamp="2020-05-30T10:59:03Z" user="Ti_Ru" uid="7575709" lat="9.8793001" lon="78.0818441"/>
 <node id="7572302043" visible="true" version="1" changeset="85978313" timestamp="2020-05-30T10:59:03Z" user="Ti_Ru" uid="7575709" lat="9.8789355" lon="78.0799504"/>
 <node id="7572302044" visible="true" version="1" changeset="85978313" timestamp="2020-05-30T10:59:03Z" user="Ti_Ru" uid="7575709" lat="9.8788800" lon="78.0795159"/>
 <node id="7572302096" visible="true" version="1" changeset="85978313" timestamp="2020-05-30T10:59:03Z" user="Ti_Ru" uid="7575709" lat="9.8793742" lon="78.0819130"/>
 <node id="7572302269" visible="true" version="1" changeset="85978313" timestamp="2020-05-30T10:59:03Z" user="Ti_Ru" uid="7575709" lat="9.8824745" lon="78.0804273"/>
 <node id="7572302270" visible="true" version="1" changeset="85978313" timestamp="2020-05-30T10:59:03Z" user="Ti_Ru" uid="7575709" lat="9.8824667" lon="78.0805800"/>
 <node id="7572302271" visible="true" version="1" changeset="85978313" timestamp="2020-05-30T10:59:03Z" user="Ti_Ru" uid="7575709" lat="9.8823346" lon="78.0805731"/>
 <node id="7572302272" visible="true" version="1" changeset="85978313" timestamp="2020-05-30T10:59:03Z" user="Ti_Ru" uid="7575709" lat="9.8823424" lon="78.0804204"/>
 <node id="7572302273" visible="true" version="1" changeset="85978313" timestamp="2020-05-30T10:59:03Z" user="Ti_Ru" uid="7575709" lat="9.8823195" lon="78.0804111"/>
 <node id="7572302274" visible="true" version="1" changeset="85978313" timestamp="2020-05-30T10:59:03Z" user="Ti_Ru" uid="7575709" lat="9.8823184" lon="78.0805061"/>
 <node id="7572302275" visible="true" version="1" changeset="85978313" timestamp="2020-05-30T10:59:03Z" user="Ti_Ru" uid="7575709" lat="9.8822441" lon="78.0805052"/>
 <node id="7572302276" visible="true" version="1" changeset="85978313" timestamp="2020-05-30T10:59:03Z" user="Ti_Ru" uid="7575709" lat="9.8822452" lon="78.0804103"/>
 <node id="7572302277" visible="true" version="1" changeset="85978313" timestamp="2020-05-30T10:59:03Z" user="Ti_Ru" uid="7575709" lat="9.8819484" lon="78.0808249"/>
 <node id="7572302278" visible="true" version="1" changeset="85978313" timestamp="2020-05-30T10:59:03Z" user="Ti_Ru" uid="7575709" lat="9.8819406" lon="78.0809303"/>
 <node id="7572302279" visible="true" version="1" changeset="85978313" timestamp="2020-05-30T10:59:03Z" user="Ti_Ru" uid="7575709" lat="9.8818079" lon="78.0809202"/>
 <node id="7572302280" visible="true" version="1" changeset="85978313" timestamp="2020-05-30T10:59:03Z" user="Ti_Ru" uid="7575709" lat="9.8818157" lon="78.0808148"/>
 <node id="7572302281" visible="true" version="1" changeset="85978313" timestamp="2020-05-30T10:59:03Z" user="Ti_Ru" uid="7575709" lat="9.8821347" lon="78.0810826"/>
 <node id="7572302282" visible="true" version="1" changeset="85978313" timestamp="2020-05-30T10:59:03Z" user="Ti_Ru" uid="7575709" lat="9.8820289" lon="78.0810788"/>
 <node id="7572302283" visible="true" version="1" changeset="85978313" timestamp="2020-05-30T10:59:03Z" user="Ti_Ru" uid="7575709" lat="9.8820209" lon="78.0813059"/>
 <node id="7572302284" visible="true" version="1" changeset="85978313" timestamp="2020-05-30T10:59:03Z" user="Ti_Ru" uid="7575709" lat="9.8821266" lon="78.0813098"/>
 <node id="7572302285" visible="true" version="1" changeset="85978313" timestamp="2020-05-30T10:59:03Z" user="Ti_Ru" uid="7575709" lat="9.8836943" lon="78.0808868"/>
 <node id="7572302286" visible="true" version="1" changeset="85978313" timestamp="2020-05-30T10:59:03Z" user="Ti_Ru" uid="7575709" lat="9.8838462" lon="78.0808980"/>
 <node id="7572302287" visible="true" version="1" changeset="85978313" timestamp="2020-05-30T10:59:03Z" user="Ti_Ru" uid="7575709" lat="9.8838400" lon="78.0809850"/>
 <node id="7572302288" visible="true" version="1" changeset="85978313" timestamp="2020-05-30T10:59:03Z" user="Ti_Ru" uid="7575709" lat="9.8836881" lon="78.0809738"/>
 <node id="9393493068" visible="true" version="1" changeset="115778630" timestamp="2022-01-05T04:15:33Z" user="hariharanca" uid="14780476" lat="9.8833382" lon="78.0832827"/>
 <node id="9855686909" visible="true" version="1" changeset="123001746" timestamp="2022-06-29T12:45:42Z" user="user_10604185" uid="10604185" lat="9.8855945" lon="78.0832991"/>
 <node id="9855686910" visible="true" version="1" changeset="123001746" timestamp="2022-06-29T12:45:42Z" user="user_10604185" uid="10604185" lat="9.8854412" lon="78.0827251"/>
 <node id="9855686911" visible="true" version="1" changeset="123001746" timestamp="2022-06-29T12:45:42Z" user="user_10604185" uid="10604185" lat="9.8851822" lon="78.0826071"/>
 <node id="9855686912" visible="true" version="1" changeset="123001746" timestamp="2022-06-29T12:45:42Z" user="user_10604185" uid="10604185" lat="9.8849443" lon="78.0824837"/>
 <node id="9855686913" visible="true" version="1" changeset="123001746" timestamp="2022-06-29T12:45:42Z" user="user_10604185" uid="10604185" lat="9.8849073" lon="78.0824837"/>
 <node id="9855686914" visible="true" version="1" changeset="123001746" timestamp="2022-06-29T12:45:42Z" user="user_10604185" uid="10604185" lat="9.8848544" lon="78.0825641"/>
 <node id="9855686915" visible="true" version="1" changeset="123001746" timestamp="2022-06-29T12:45:42Z" user="user_10604185" uid="10604185" lat="9.8846324" lon="78.0830309"/>
 <node id="9855686916" visible="true" version="1" changeset="123001746" timestamp="2022-06-29T12:45:42Z" user="user_10604185" uid="10604185" lat="9.8842836" lon="78.0836586"/>
 <node id="9855728817" visible="true" version="1" changeset="123001746" timestamp="2022-06-29T12:45:42Z" user="user_10604185" uid="10604185" lat="9.8846536" lon="78.0835942"/>
 <node id="9855728818" visible="true" version="1" changeset="123001746" timestamp="2022-06-29T12:45:42Z" user="user_10604185" uid="10604185" lat="9.8848413" lon="78.0838223"/>
 <node id="10159209058" visible="true" version="1" changeset="128517151" timestamp="2022-11-05T11:42:46Z" user="harshavardhan200604tt" uid="17587423" lat="9.8833302" lon="78.0814642"/>
 <node id="10159209059" visible="true" version="1" changeset="128517151" timestamp="2022-11-05T11:42:46Z" user="harshavardhan200604tt" uid="17587423" lat="9.8842277" lon="78.0814894"/>
 <node id="10159209060" visible="true" version="1" changeset="128517151" timestamp="2022-11-05T11:42:46Z" user="harshavardhan200604tt" uid="17587423" lat="9.8842102" lon="78.0820875"/>
 <node id="10159209061" visible="true" version="1" changeset="128517151" timestamp="2022-11-05T11:42:46Z" user="harshavardhan200604tt" uid="17587423" lat="9.8833028" lon="78.0820749"/>
 <node id="10159209062" visible="true" version="1" changeset="128517151" timestamp="2022-11-05T11:42:46Z" user="harshavardhan200604tt" uid="17587423" lat="9.8840617" lon="78.0799034"/>
 <node id="10159209063" visible="true" version="1" changeset="128517151" timestamp="2022-11-05T11:42:46Z" user="harshavardhan200604tt" uid="17587423" lat="9.8840627" lon="78.0799999"/>
 <node id="10159209064" visible="true" version="1" changeset="128517151" timestamp="2022-11-05T11:42:46Z" user="harshavardhan200604tt" uid="17587423" lat="9.8837919" lon="78.0793689"/>
 <node id="10159209065" visible="true" version="1" changeset="128517151" timestamp="2022-11-05T11:42:46Z" user="harshavardhan200604tt" uid="17587423" lat="9.8837901" lon="78.0794054"/>
 <node id="10159209066" visible="true" version="1" changeset="128517151" timestamp="2022-11-05T11:42:46Z" user="harshavardhan200604tt" uid="17587423" lat="9.8844697" lon="78.0799313"/>
 <node id="10159209067" visible="true" version="1" changeset="128517151" timestamp="2022-11-05T11:42:46Z" user="harshavardhan200604tt" uid="17587423" lat="9.8844687" lon="78.0800156"/>
 <node id="10159209068" visible="true" version="1" changeset="128517151" timestamp="2022-11-05T11:42:46Z" user="harshavardhan200604tt" uid="17587423" lat="9.8848818" lon="78.0800428"/>
 <node id="10159209069" visible="true" version="1" changeset="128517151" timestamp="2022-11-05T11:42:46Z" user="harshavardhan200604tt" uid="17587423" lat="9.8848833" lon="78.0799566"/>
 <node id="10159209070" visible="true" version="1" changeset="128517151" timestamp="2022-11-05T11:42:46Z" user="harshavardhan200604tt" uid="17587423" lat="9.8852878" lon="78.0799877"/>
 <node id="10159209071" visible="true" version="1" changeset="128517151" timestamp="2022-11-05T11:42:46Z" user="harshavardhan200604tt" uid="17587423" lat="9.8852626" lon="78.0799888"/>
 <node id="10159209072" visible="true" version="1" changeset="128517151" timestamp="2022-11-05T11:42:46Z" user="harshavardhan200604tt" uid="17587423" lat="9.8821304" lon="78.0830402"/>
 <node id="10159209073" visible="true" version="1" changeset="128517151" timestamp="2022-11-05T11:42:46Z" user="harshavardhan200604tt" uid="17587423" lat="9.8818770" lon="78.0830319"/>
 <node id="10159209074" visible="true" version="1" changeset="128517151" timestamp="2022-11-05T11:42:46Z" user="harshavardhan200604tt" uid="17587423" lat="9.8818800" lon="78.0829376"/>
 <node id="10159209075" visible="true" version="1" changeset="128517151" timestamp="2022-11-05T11:42:46Z" user="harshavardhan200604tt" uid="17587423" lat="9.8818549" lon="78.0829368"/>
 <node id="10159209076" visible="true" version="1" changeset="128517151" timestamp="2022-11-05T11:42:46Z" user="harshavardhan200604tt" uid="17587423" lat="9.8818543" lon="78.0829565"/>
 <node id="10159209077" visible="true" version="1" changeset="128517151" timestamp="2022-11-05T11:42:46Z" user="harshavardhan200604tt" uid="17587423" lat="9.8818016" lon="78.0829548"/>
 <node id="10159209078" visible="true" version="1" changeset="128517151" timestamp="2022-11-05T11:42:46Z" user="harshavardhan200604tt" uid="17587423" lat="9.8817997" lon="78.0830161"/>
 <node id="10159209079" visible="true" version="1" changeset="128517151" timestamp="2022-11-05T11:42:46Z" user="harshavardhan200604tt" uid="17587423" lat="9.8816571" lon="78.0830115"/>
 <node id="10159209080" visible="true" version="1" changeset="128517151" timestamp="2022-11-05T11:42:46Z" user="harshavardhan200604tt" uid="17587423" lat="9.8816522" lon="78.0831676"/>
 <node id="10159209081" visible="true" version="1" changeset="128517151" timestamp="2022-11-05T11:42:46Z" user="harshavardhan200604tt" uid="17587423" lat="9.8821259" lon="78.0831831"/>
 <node id="10807445226" visible="true" version="1" changeset="134860490" timestamp="2023-04-13T12:14:19Z" user="Ti_Ru" uid="7575709" lat="9.8849860" lon="78.0786129"/>
 <node id="10807445227" visible="true" version="1" changeset="134860490" timestamp="2023-04-13T12:14:19Z" user="Ti_Ru" uid="7575709" lat="9.8839674" lon="78.0785901"/>
 <node id="10807445228" visible="true" version="1" changeset="134860490" timestamp="2023-04-13T12:14:19Z" user="Ti_Ru" uid="7575709" lat="9.8835288" lon="78.0789174"/>
 <node id="10807445229" visible="true" version="1" changeset="134860490" timestamp="2023-04-13T12:14:19Z" user="Ti_Ru" uid="7575709" lat="9.8816209" lon="78.0806179"/>
 <node id="10807445230" visible="true" version="1" changeset="134860490" timestamp="2023-04-13T12:14:19Z" user="Ti_Ru" uid="7575709" lat="9.8816685" lon="78.0820287"/>
 <node id="10807445231" visible="true" version="1" changeset="134860490" timestamp="2023-04-13T12:14:19Z" user="Ti_Ru" uid="7575709" lat="9.8799133" lon="78.0820473"/>
 <node id="10807445232" visible="true" version="1" changeset="134860490" timestamp="2023-04-13T12:14:19Z" user="Ti_Ru" uid="7575709" lat="9.8798730" lon="78.0814195"/>
 <node id="10807445233" visible="true" version="1" changeset="134860490" timestamp="2023-04-13T12:14:19Z" user="Ti_Ru" uid="7575709" lat="9.8797607" lon="78.0794236"/>
 <node id="10807445234" visible="true" version="1" changeset="134860490" timestamp="2023-04-13T12:14:19Z" user="Ti_Ru" uid="7575709" lat="9.8805190" lon="78.0791011"/>
 <node id="10807445235" visible="true" version="1" changeset="134860490" timestamp="2023-04-13T12:14:19Z" user="Ti_Ru" uid="7575709" lat="9.8806617" lon="78.0777892"/>
 <node id="10807445236" visible="true" version="1" changeset="134860490" timestamp="2023-04-13T12:14:19Z" user="Ti_Ru" uid="7575709" lat="9.8799536" lon="78.0776789"/>
 <node id="10807445237" visible="true" version="1" changeset="134860490" timestamp="2023-04-13T12:14:19Z" user="Ti_Ru" uid="7575709" lat="9.8799536" lon="78.0776789"/>
 <node id="10807445238" visible="true" version="1" changeset="134860490" timestamp="2023-04-13T12:14:19Z" user="Ti_Ru" uid="7575709" lat="9.8806617" lon="78.0777892"/>
 <node id="10807445239" visible="true" version="1" changeset="134860490" timestamp="2023-04-13T12:14:19Z" user="Ti_Ru" uid="7575709" lat="9.8805190" lon="78.0791011"/>
 <node id="10807445240" visible="true" version="1" changeset="134860490" timestamp="2023-04-13T12:14:19Z" user="Ti_Ru" uid="7575709" lat="9.8797607" lon="78.0794236"/>
 <node id="10807445241" visible="true" version="1" changeset="134860490" timestamp="2023-04-13T12:14:19Z" user="Ti_Ru" uid="7575709" lat="9.8797748" lon="78.0792662"/>
 <node id="10807445242" visible="true" version="1" changeset="134860490" timestamp="2023-04-13T12:14:19Z" user="Ti_Ru" uid="7575709" lat="9.8798286" lon="78.0785903"/>
 <node id="10807445243" visible="true" version="1" changeset="134860490" timestamp="2023-04-13T12:14:19Z" user="Ti_Ru" uid="7575709" lat="9.8795681" lon="78.0785689"/>
 <node id="10807445244" visible="true" version="1" changeset="134860490" timestamp="2023-04-13T12:14:19Z" user="Ti_Ru" uid="7575709" lat="9.8795142" lon="78.0792448"/>
 <node id="10807445245" visible="true" version="1" changeset="134860490" timestamp="2023-04-13T12:14:19Z" user="Ti_Ru" uid="7575709" lat="9.8794653" lon="78.0792917"/>
 <node id="10807445246" visible="true" version="1" changeset="134860490" timestamp="2023-04-13T12:14:19Z" user="Ti_Ru" uid="7575709" lat="9.8792591" lon="78.0793069"/>
 <node id="10807445247" visible="true" version="1" changeset="134860490" timestamp="2023-04-13T12:14:19Z" user="Ti_Ru" uid="7575709" lat="9.8792045" lon="78.0794839"/>
 <node id="10807445248" visible="true" version="1" changeset="134860490" timestamp="2023-04-13T12:14:19Z" user="Ti_Ru" uid="7575709" lat="9.8789255" lon="78.0795252"/>
 <node id="10807445249" visible="true" version="1" changeset="134860490" timestamp="2023-04-13T12:14:19Z" user="Ti_Ru" uid="7575709" lat="9.8788800" lon="78.0795159"/>
 <node id="10807445250" visible="true" version="1" changeset="134860490" timestamp="2023-04-13T12:14:19Z" user="Ti_Ru" uid="7575709" lat="9.8788252" lon="78.0792279"/>
 <node id="10807445251" visible="true" version="1" changeset="134860490" timestamp="2023-04-13T12:14:19Z" user="Ti_Ru" uid="7575709" lat="9.8792612" lon="78.0792381"/>
 <node id="10807445252" visible="true" version="1" changeset="134860490" timestamp="2023-04-13T12:14:19Z" user="Ti_Ru" uid="7575709" lat="9.8795413" lon="78.0786039"/>
 <node id="10807445260" visible="true" version="1" changeset="134860490" timestamp="2023-04-13T12:14:19Z" user="Ti_Ru" uid="7575709" lat="9.8792612" lon="78.0792381"/>
 <node id="10807445261" visible="true" version="1" changeset="134860490" timestamp="2023-04-13T12:14:19Z" user="Ti_Ru" uid="7575709" lat="9.8795413" lon="78.0786039"/>
 <node id="10807445262" visible="true" version="1" changeset="134860490" timestamp="2023-04-13T12:14:19Z" user="Ti_Ru" uid="7575709" lat="9.8799536" lon="78.0776789"/>
 <node id="10807445263" visible="true" version="1" changeset="134860490" timestamp="2023-04-13T12:14:19Z" user="Ti_Ru" uid="7575709" lat="9.8806617" lon="78.0777892"/>
 <node id="10807445264" visible="true" version="1" changeset="134860490" timestamp="2023-04-13T12:14:19Z" user="Ti_Ru" uid="7575709" lat="9.8805190" lon="78.0791011"/>
 <node id="10807445265" visible="true" version="1" changeset="134860490" timestamp="2023-04-13T12:14:19Z" user="Ti_Ru" uid="7575709" lat="9.8797607" lon="78.0794236"/>
 <node id="10807445266" visible="true" version="1" changeset="134860490" timestamp="2023-04-13T12:14:19Z" user="Ti_Ru" uid="7575709" lat="9.8798730" lon="78.0814195"/>
 <node id="10807445267" visible="true" version="1" changeset="134860490" timestamp="2023-04-13T12:14:19Z" user="Ti_Ru" uid="7575709" lat="9.8799133" lon="78.0820473"/>
 <node id="10807445268" visible="true" version="1" changeset="134860490" timestamp="2023-04-13T12:14:19Z" user="Ti_Ru" uid="7575709" lat="9.8788252" lon="78.0792279"/>
 <node id="10807445287" visible="true" version="1" changeset="134860490" timestamp="2023-04-13T12:14:19Z" user="Ti_Ru" uid="7575709" lat="9.8850797" lon="78.0778782"/>
 <node id="10807449115" visible="true" version="1" changeset="134860490" timestamp="2023-04-13T12:14:19Z" user="Ti_Ru" uid="7575709" lat="9.8856880" lon="78.0775668"/>
 <node id="10807449129" visible="true" version="1" changeset="134860490" timestamp="2023-04-13T12:14:19Z" user="Ti_Ru" uid="7575709" lat="9.8822271" lon="78.0761046"/>
 <node id="10807449162" visible="true" version="1" changeset="134860490" timestamp="2023-04-13T12:14:19Z" user="Ti_Ru" uid="7575709" lat="9.8846544" lon="78.0779774"/>
 <node id="10846649889" visible="true" version="1" changeset="135434079" timestamp="2023-04-27T15:51:20Z" user="gbas" uid="19080331" lat="9.8801695" lon="78.0772282"/>
 <node id="10846678109" visible="true" version="1" changeset="135434692" timestamp="2023-04-27T16:08:19Z" user="gbas" uid="19080331" lat="9.8850513" lon="78.0783628"/>
 <node id="10846678110" visible="true" version="1" changeset="135434692" timestamp="2023-04-27T16:08:19Z" user="gbas" uid="19080331" lat="9.8856407" lon="78.0785654"/>
 <node id="10846678111" visible="true" version="1" changeset="135434692" timestamp="2023-04-27T16:08:19Z" user="gbas" uid="19080331" lat="9.8810692" lon="78.0821219"/>
 <node id="10846678112" visible="true" version="1" changeset="135434692" timestamp="2023-04-27T16:08:19Z" user="gbas" uid="19080331" lat="9.8846959" lon="78.0777928"/>
 <node id="10846678113" visible="true" version="1" changeset="135434692" timestamp="2023-04-27T16:08:19Z" user="gbas" uid="19080331" lat="9.8847118" lon="78.0778626"/>
 <node id="10846678114" visible="true" version="1" changeset="135434692" timestamp="2023-04-27T16:08:19Z" user="gbas" uid="19080331" lat="9.8846748" lon="78.0778787"/>
 <node id="10846678115" visible="true" version="1" changeset="135434692" timestamp="2023-04-27T16:08:19Z" user="gbas" uid="19080331" lat="9.8846061" lon="78.0778733"/>
 <node id="10846678116" visible="true" version="1" changeset="135434692" timestamp="2023-04-27T16:08:19Z" user="gbas" uid="19080331" lat="9.8845532" lon="78.0778277"/>
 <node id="10846678117" visible="true" version="1" changeset="135434692" timestamp="2023-04-27T16:08:19Z" user="gbas" uid="19080331" lat="9.8845004" lon="78.0777875"/>
 <node id="10846678118" visible="true" version="1" changeset="135434692" timestamp="2023-04-27T16:08:19Z" user="gbas" uid="19080331" lat="9.8843392" lon="78.0778062"/>
 <node id="10846678119" visible="true" version="1" changeset="135434692" timestamp="2023-04-27T16:08:19Z" user="gbas" uid="19080331" lat="9.8843286" lon="78.0778760"/>
 <node id="10846678120" visible="true" version="1" changeset="135434692" timestamp="2023-04-27T16:08:19Z" user="gbas" uid="19080331" lat="9.8844106" lon="78.0780959"/>
 <node id="10846678121" visible="true" version="1" changeset="135434692" timestamp="2023-04-27T16:08:19Z" user="gbas" uid="19080331" lat="9.8843075" lon="78.0781013"/>
 <node id="10846678122" visible="true" version="1" changeset="135434692" timestamp="2023-04-27T16:08:19Z" user="gbas" uid="19080331" lat="9.8841410" lon="78.0780423"/>
 <node id="10846678123" visible="true" version="1" changeset="135434692" timestamp="2023-04-27T16:08:19Z" user="gbas" uid="19080331" lat="9.8840750" lon="78.0780396"/>
 <node id="10846678124" visible="true" version="1" changeset="135434692" timestamp="2023-04-27T16:08:19Z" user="gbas" uid="19080331" lat="9.8840063" lon="78.0780342"/>
 <node id="10846678125" visible="true" version="1" changeset="135434692" timestamp="2023-04-27T16:08:19Z" user="gbas" uid="19080331" lat="9.8838768" lon="78.0779403"/>
 <node id="10846678126" visible="true" version="1" changeset="135434692" timestamp="2023-04-27T16:08:19Z" user="gbas" uid="19080331" lat="9.8838345" lon="78.0778894"/>
 <node id="10846678127" visible="true" version="1" changeset="135434692" timestamp="2023-04-27T16:08:19Z" user="gbas" uid="19080331" lat="9.8836707" lon="78.0776453"/>
 <node id="10846678128" visible="true" version="1" changeset="135434692" timestamp="2023-04-27T16:08:19Z" user="gbas" uid="19080331" lat="9.8836469" lon="78.0775729"/>
 <node id="10846678129" visible="true" version="1" changeset="135434692" timestamp="2023-04-27T16:08:19Z" user="gbas" uid="19080331" lat="9.8835518" lon="78.0775487"/>
 <node id="10846678130" visible="true" version="1" changeset="135434692" timestamp="2023-04-27T16:08:19Z" user="gbas" uid="19080331" lat="9.8836205" lon="78.0776936"/>
 <node id="10846678131" visible="true" version="1" changeset="135434692" timestamp="2023-04-27T16:08:19Z" user="gbas" uid="19080331" lat="9.8836311" lon="78.0777606"/>
 <node id="10846678132" visible="true" version="1" changeset="135434692" timestamp="2023-04-27T16:08:19Z" user="gbas" uid="19080331" lat="9.8836443" lon="78.0778277"/>
 <node id="10846678133" visible="true" version="1" changeset="135434692" timestamp="2023-04-27T16:08:19Z" user="gbas" uid="19080331" lat="9.8836575" lon="78.0779242"/>
 <node id="10846678134" visible="true" version="1" changeset="135434692" timestamp="2023-04-27T16:08:19Z" user="gbas" uid="19080331" lat="9.8837156" lon="78.0781630"/>
 <node id="10846678135" visible="true" version="1" changeset="135434692" timestamp="2023-04-27T16:08:19Z" user="gbas" uid="19080331" lat="9.8837341" lon="78.0782327"/>
 <node id="10846678136" visible="true" version="1" changeset="135434692" timestamp="2023-04-27T16:08:19Z" user="gbas" uid="19080331" lat="9.8838134" lon="78.0784768"/>
 <node id="10846678137" visible="true" version="1" changeset="135434692" timestamp="2023-04-27T16:08:19Z" user="gbas" uid="19080331" lat="9.8836760" lon="78.0785036"/>
 <node id="10846678138" visible="true" version="1" changeset="135434692" timestamp="2023-04-27T16:08:19Z" user="gbas" uid="19080331" lat="9.8836443" lon="78.0783856"/>
 <node id="10846678139" visible="true" version="1" changeset="135434692" timestamp="2023-04-27T16:08:19Z" user="gbas" uid="19080331" lat="9.8835967" lon="78.0781656"/>
 <node id="10846678140" visible="true" version="1" changeset="135434692" timestamp="2023-04-27T16:08:19Z" user="gbas" uid="19080331" lat="9.8831898" lon="78.0769479"/>
 <node id="10846678141" visible="true" version="1" changeset="135434692" timestamp="2023-04-27T16:08:19Z" user="gbas" uid="19080331" lat="9.8831528" lon="78.0768245"/>
 <node id="10846678142" visible="true" version="1" changeset="135434692" timestamp="2023-04-27T16:08:19Z" user="gbas" uid="19080331" lat="9.8831422" lon="78.0766851"/>
 <node id="10846678143" visible="true" version="1" changeset="135434692" timestamp="2023-04-27T16:08:19Z" user="gbas" uid="19080331" lat="9.8831369" lon="78.0765456"/>
 <node id="10846678144" visible="true" version="1" changeset="135434692" timestamp="2023-04-27T16:08:19Z" user="gbas" uid="19080331" lat="9.8832268" lon="78.0766100"/>
 <node id="10846678145" visible="true" version="1" changeset="135434692" timestamp="2023-04-27T16:08:19Z" user="gbas" uid="19080331" lat="9.8832743" lon="78.0767387"/>
 <node id="10846678146" visible="true" version="1" changeset="135434692" timestamp="2023-04-27T16:08:19Z" user="gbas" uid="19080331" lat="9.8834170" lon="78.0770338"/>
 <node id="10846678147" visible="true" version="1" changeset="135434692" timestamp="2023-04-27T16:08:19Z" user="gbas" uid="19080331" lat="9.8836126" lon="78.0771249"/>
 <node id="10846678148" visible="true" version="1" changeset="135434692" timestamp="2023-04-27T16:08:19Z" user="gbas" uid="19080331" lat="9.8838821" lon="78.0775085"/>
 <node id="10846678149" visible="true" version="1" changeset="135434692" timestamp="2023-04-27T16:08:19Z" user="gbas" uid="19080331" lat="9.8839296" lon="78.0775595"/>
 <node id="10846678150" visible="true" version="1" changeset="135434692" timestamp="2023-04-27T16:08:19Z" user="gbas" uid="19080331" lat="9.8840882" lon="78.0776265"/>
 <node id="10846678151" visible="true" version="1" changeset="135434692" timestamp="2023-04-27T16:08:19Z" user="gbas" uid="19080331" lat="9.8841833" lon="78.0775595"/>
 <node id="10846678152" visible="true" version="1" changeset="135434692" timestamp="2023-04-27T16:08:19Z" user="gbas" uid="19080331" lat="9.8842467" lon="78.0775380"/>
 <node id="10846678153" visible="true" version="1" changeset="135434692" timestamp="2023-04-27T16:08:19Z" user="gbas" uid="19080331" lat="9.8843921" lon="78.0775756"/>
 <node id="10846678154" visible="true" version="1" changeset="135434692" timestamp="2023-04-27T16:08:19Z" user="gbas" uid="19080331" lat="9.8844634" lon="78.0775756"/>
 <node id="10846678155" visible="true" version="1" changeset="135434692" timestamp="2023-04-27T16:08:19Z" user="gbas" uid="19080331" lat="9.8845929" lon="78.0776104"/>
 <node id="10846678156" visible="true" version="1" changeset="135434692" timestamp="2023-04-27T16:08:19Z" user="gbas" uid="19080331" lat="9.8846457" lon="78.0776533"/>
 <node id="10846678157" visible="true" version="1" changeset="135434692" timestamp="2023-04-27T16:08:19Z" user="gbas" uid="19080331" lat="9.8846933" lon="78.0777821"/>
 <node id="10846678161" visible="true" version="1" changeset="135434692" timestamp="2023-04-27T16:08:19Z" user="gbas" uid="19080331" lat="9.8821962" lon="78.0760561"/>
 <node id="10846678162" visible="true" version="1" changeset="135434692" timestamp="2023-04-27T16:08:19Z" user="gbas" uid="19080331" lat="9.8821764" lon="78.0760829"/>
 <node id="10846678163" visible="true" version="1" changeset="135434692" timestamp="2023-04-27T16:08:19Z" user="gbas" uid="19080331" lat="9.8821130" lon="78.0761473"/>
 <node id="10846678164" visible="true" version="1" changeset="135434692" timestamp="2023-04-27T16:08:19Z" user="gbas" uid="19080331" lat="9.8821328" lon="78.0762492"/>
 <node id="10846678165" visible="true" version="1" changeset="135434692" timestamp="2023-04-27T16:08:19Z" user="gbas" uid="19080331" lat="9.8822174" lon="78.0764946"/>
 <node id="10846678166" visible="true" version="1" changeset="135434692" timestamp="2023-04-27T16:08:19Z" user="gbas" uid="19080331" lat="9.8823640" lon="78.0764624"/>
 <node id="10846678167" visible="true" version="1" changeset="135434692" timestamp="2023-04-27T16:08:19Z" user="gbas" uid="19080331" lat="9.8823970" lon="78.0764611"/>
 <node id="10846678168" visible="true" version="1" changeset="135434692" timestamp="2023-04-27T16:08:19Z" user="gbas" uid="19080331" lat="9.8824354" lon="78.0764624"/>
 <node id="10846678169" visible="true" version="1" changeset="135434692" timestamp="2023-04-27T16:08:19Z" user="gbas" uid="19080331" lat="9.8824631" lon="78.0765349"/>
 <node id="10846678170" visible="true" version="1" changeset="135434692" timestamp="2023-04-27T16:08:19Z" user="gbas" uid="19080331" lat="9.8824842" lon="78.0766046"/>
 <node id="10846678171" visible="true" version="1" changeset="135434692" timestamp="2023-04-27T16:08:19Z" user="gbas" uid="19080331" lat="9.8824948" lon="78.0767038"/>
 <node id="10846678172" visible="true" version="1" changeset="135434692" timestamp="2023-04-27T16:08:19Z" user="gbas" uid="19080331" lat="9.8825212" lon="78.0767655"/>
 <node id="10846678173" visible="true" version="1" changeset="135434692" timestamp="2023-04-27T16:08:19Z" user="gbas" uid="19080331" lat="9.8826243" lon="78.0769023"/>
 <node id="10846678174" visible="true" version="1" changeset="135434692" timestamp="2023-04-27T16:08:19Z" user="gbas" uid="19080331" lat="9.8826428" lon="78.0770338"/>
 <node id="10846678175" visible="true" version="1" changeset="135434692" timestamp="2023-04-27T16:08:19Z" user="gbas" uid="19080331" lat="9.8826375" lon="78.0771035"/>
 <node id="10846678176" visible="true" version="1" changeset="135434692" timestamp="2023-04-27T16:08:19Z" user="gbas" uid="19080331" lat="9.8825952" lon="78.0772591"/>
 <node id="10846678177" visible="true" version="1" changeset="135434692" timestamp="2023-04-27T16:08:19Z" user="gbas" uid="19080331" lat="9.8825292" lon="78.0773020"/>
 <node id="10846678178" visible="true" version="1" changeset="135434692" timestamp="2023-04-27T16:08:19Z" user="gbas" uid="19080331" lat="9.8824816" lon="78.0772591"/>
 <node id="10846678179" visible="true" version="1" changeset="135434692" timestamp="2023-04-27T16:08:19Z" user="gbas" uid="19080331" lat="9.8824023" lon="78.0771062"/>
 <node id="10846678180" visible="true" version="1" changeset="135434692" timestamp="2023-04-27T16:08:19Z" user="gbas" uid="19080331" lat="9.8823283" lon="78.0771089"/>
 <node id="10846678181" visible="true" version="1" changeset="135434692" timestamp="2023-04-27T16:08:19Z" user="gbas" uid="19080331" lat="9.8821883" lon="78.0772108"/>
 <node id="10846678182" visible="true" version="1" changeset="135434692" timestamp="2023-04-27T16:08:19Z" user="gbas" uid="19080331" lat="9.8821777" lon="78.0772886"/>
 <node id="10846678183" visible="true" version="1" changeset="135434692" timestamp="2023-04-27T16:08:19Z" user="gbas" uid="19080331" lat="9.8822702" lon="78.0773771"/>
 <node id="10846678184" visible="true" version="1" changeset="135434692" timestamp="2023-04-27T16:08:19Z" user="gbas" uid="19080331" lat="9.8823416" lon="78.0773932"/>
 <node id="10846678185" visible="true" version="1" changeset="135434692" timestamp="2023-04-27T16:08:19Z" user="gbas" uid="19080331" lat="9.8824208" lon="78.0775997"/>
 <node id="10846678186" visible="true" version="1" changeset="135434692" timestamp="2023-04-27T16:08:19Z" user="gbas" uid="19080331" lat="9.8824895" lon="78.0776292"/>
 <node id="10846678187" visible="true" version="1" changeset="135434692" timestamp="2023-04-27T16:08:19Z" user="gbas" uid="19080331" lat="9.8826137" lon="78.0777848"/>
 <node id="10846678188" visible="true" version="1" changeset="135434692" timestamp="2023-04-27T16:08:19Z" user="gbas" uid="19080331" lat="9.8826164" lon="78.0778706"/>
 <node id="10846678189" visible="true" version="1" changeset="135434692" timestamp="2023-04-27T16:08:19Z" user="gbas" uid="19080331" lat="9.8826243" lon="78.0779403"/>
 <node id="10846678190" visible="true" version="1" changeset="135434692" timestamp="2023-04-27T16:08:19Z" user="gbas" uid="19080331" lat="9.8825979" lon="78.0781361"/>
 <node id="10846678191" visible="true" version="1" changeset="135434692" timestamp="2023-04-27T16:08:19Z" user="gbas" uid="19080331" lat="9.8824420" lon="78.0785975"/>
 <node id="10846678192" visible="true" version="1" changeset="135434692" timestamp="2023-04-27T16:08:19Z" user="gbas" uid="19080331" lat="9.8823970" lon="78.0786484"/>
 <node id="10846678193" visible="true" version="1" changeset="135434692" timestamp="2023-04-27T16:08:19Z" user="gbas" uid="19080331" lat="9.8823204" lon="78.0787504"/>
 <node id="10846678194" visible="true" version="1" changeset="135434692" timestamp="2023-04-27T16:08:19Z" user="gbas" uid="19080331" lat="9.8815964" lon="78.0793029"/>
 <node id="10846678195" visible="true" version="1" changeset="135434692" timestamp="2023-04-27T16:08:19Z" user="gbas" uid="19080331" lat="9.8815356" lon="78.0793351"/>
 <node id="10846678196" visible="true" version="1" changeset="135434692" timestamp="2023-04-27T16:08:19Z" user="gbas" uid="19080331" lat="9.8814141" lon="78.0793914"/>
 <node id="10846678197" visible="true" version="1" changeset="135434692" timestamp="2023-04-27T16:08:19Z" user="gbas" uid="19080331" lat="9.8813137" lon="78.0794880"/>
 <node id="10846678198" visible="true" version="1" changeset="135434692" timestamp="2023-04-27T16:08:19Z" user="gbas" uid="19080331" lat="9.8812925" lon="78.0795523"/>
 <node id="10846678199" visible="true" version="1" changeset="135434692" timestamp="2023-04-27T16:08:19Z" user="gbas" uid="19080331" lat="9.8812740" lon="78.0796167"/>
 <node id="10846678200" visible="true" version="1" changeset="135434692" timestamp="2023-04-27T16:08:19Z" user="gbas" uid="19080331" lat="9.8811234" lon="78.0798930"/>
 <node id="10846678201" visible="true" version="1" changeset="135434692" timestamp="2023-04-27T16:08:19Z" user="gbas" uid="19080331" lat="9.8810362" lon="78.0799010"/>
 <node id="10846678202" visible="true" version="1" changeset="135434692" timestamp="2023-04-27T16:08:19Z" user="gbas" uid="19080331" lat="9.8809728" lon="78.0799225"/>
 <node id="10846678203" visible="true" version="1" changeset="135434692" timestamp="2023-04-27T16:08:19Z" user="gbas" uid="19080331" lat="9.8809120" lon="78.0799413"/>
 <node id="10846678204" visible="true" version="1" changeset="135434692" timestamp="2023-04-27T16:08:19Z" user="gbas" uid="19080331" lat="9.8808539" lon="78.0799735"/>
 <node id="10846678205" visible="true" version="1" changeset="135434692" timestamp="2023-04-27T16:08:19Z" user="gbas" uid="19080331" lat="9.8806108" lon="78.0800807"/>
 <node id="10846678206" visible="true" version="1" changeset="135434692" timestamp="2023-04-27T16:08:19Z" user="gbas" uid="19080331" lat="9.8803994" lon="78.0801719"/>
 <node id="10846678207" visible="true" version="1" changeset="135434692" timestamp="2023-04-27T16:08:19Z" user="gbas" uid="19080331" lat="9.8800902" lon="78.0802819"/>
 <node id="10846678208" visible="true" version="1" changeset="135434692" timestamp="2023-04-27T16:08:19Z" user="gbas" uid="19080331" lat="9.8800427" lon="78.0801773"/>
 <node id="10846678209" visible="true" version="1" changeset="135434692" timestamp="2023-04-27T16:08:19Z" user="gbas" uid="19080331" lat="9.8800929" lon="78.0801344"/>
 <node id="10846678210" visible="true" version="1" changeset="135434692" timestamp="2023-04-27T16:08:19Z" user="gbas" uid="19080331" lat="9.8802065" lon="78.0800888"/>
 <node id="10846678211" visible="true" version="1" changeset="135434692" timestamp="2023-04-27T16:08:19Z" user="gbas" uid="19080331" lat="9.8804469" lon="78.0799359"/>
 <node id="10846678212" visible="true" version="1" changeset="135434692" timestamp="2023-04-27T16:08:19Z" user="gbas" uid="19080331" lat="9.8805156" lon="78.0799225"/>
 <node id="10846678213" visible="true" version="1" changeset="135434692" timestamp="2023-04-27T16:08:19Z" user="gbas" uid="19080331" lat="9.8805843" lon="78.0799198"/>
 <node id="10846678214" visible="true" version="1" changeset="135434692" timestamp="2023-04-27T16:08:19Z" user="gbas" uid="19080331" lat="9.8806504" lon="78.0799064"/>
 <node id="10846678215" visible="true" version="1" changeset="135434692" timestamp="2023-04-27T16:08:19Z" user="gbas" uid="19080331" lat="9.8810336" lon="78.0796945"/>
 <node id="10846678216" visible="true" version="1" changeset="135434692" timestamp="2023-04-27T16:08:19Z" user="gbas" uid="19080331" lat="9.8810706" lon="78.0796838"/>
 <node id="10846678217" visible="true" version="1" changeset="135434692" timestamp="2023-04-27T16:08:19Z" user="gbas" uid="19080331" lat="9.8811419" lon="78.0796006"/>
 <node id="10846678218" visible="true" version="1" changeset="135434692" timestamp="2023-04-27T16:08:19Z" user="gbas" uid="19080331" lat="9.8811551" lon="78.0795631"/>
 <node id="10846678219" visible="true" version="1" changeset="135434692" timestamp="2023-04-27T16:08:19Z" user="gbas" uid="19080331" lat="9.8813771" lon="78.0789220"/>
 <node id="10846678220" visible="true" version="1" changeset="135434692" timestamp="2023-04-27T16:08:19Z" user="gbas" uid="19080331" lat="9.8814220" lon="78.0789193"/>
 <node id="10846678221" visible="true" version="1" changeset="135434692" timestamp="2023-04-27T16:08:19Z" user="gbas" uid="19080331" lat="9.8816968" lon="78.0790535"/>
 <node id="10846678222" visible="true" version="1" changeset="135434692" timestamp="2023-04-27T16:08:19Z" user="gbas" uid="19080331" lat="9.8817285" lon="78.0790266"/>
 <node id="10846678223" visible="true" version="1" changeset="135434692" timestamp="2023-04-27T16:08:19Z" user="gbas" uid="19080331" lat="9.8817576" lon="78.0790025"/>
 <node id="10846678224" visible="true" version="1" changeset="135434692" timestamp="2023-04-27T16:08:19Z" user="gbas" uid="19080331" lat="9.8818316" lon="78.0789489"/>
 <node id="10846678225" visible="true" version="1" changeset="135434692" timestamp="2023-04-27T16:08:19Z" user="gbas" uid="19080331" lat="9.8818501" lon="78.0789193"/>
 <node id="10846678226" visible="true" version="1" changeset="135434692" timestamp="2023-04-27T16:08:19Z" user="gbas" uid="19080331" lat="9.8818659" lon="78.0788845"/>
 <node id="10846678227" visible="true" version="1" changeset="135434692" timestamp="2023-04-27T16:08:19Z" user="gbas" uid="19080331" lat="9.8818791" lon="78.0788496"/>
 <node id="10846678228" visible="true" version="1" changeset="135434692" timestamp="2023-04-27T16:08:19Z" user="gbas" uid="19080331" lat="9.8818976" lon="78.0788121"/>
 <node id="10846678229" visible="true" version="1" changeset="135434692" timestamp="2023-04-27T16:08:19Z" user="gbas" uid="19080331" lat="9.8820588" lon="78.0785814"/>
 <node id="10846678230" visible="true" version="1" changeset="135434692" timestamp="2023-04-27T16:08:19Z" user="gbas" uid="19080331" lat="9.8820773" lon="78.0785492"/>
 <node id="10846678231" visible="true" version="1" changeset="135434692" timestamp="2023-04-27T16:08:19Z" user="gbas" uid="19080331" lat="9.8821064" lon="78.0785090"/>
 <node id="10846678232" visible="true" version="1" changeset="135434692" timestamp="2023-04-27T16:08:19Z" user="gbas" uid="19080331" lat="9.8822306" lon="78.0783239"/>
 <node id="10846678233" visible="true" version="1" changeset="135434692" timestamp="2023-04-27T16:08:19Z" user="gbas" uid="19080331" lat="9.8822464" lon="78.0782863"/>
 <node id="10846678234" visible="true" version="1" changeset="135434692" timestamp="2023-04-27T16:08:19Z" user="gbas" uid="19080331" lat="9.8822649" lon="78.0782488"/>
 <node id="10846678235" visible="true" version="1" changeset="135434692" timestamp="2023-04-27T16:08:19Z" user="gbas" uid="19080331" lat="9.8822702" lon="78.0780235"/>
 <node id="10846678236" visible="true" version="1" changeset="135434692" timestamp="2023-04-27T16:08:19Z" user="gbas" uid="19080331" lat="9.8822332" lon="78.0780208"/>
 <node id="10846678237" visible="true" version="1" changeset="135434692" timestamp="2023-04-27T16:08:19Z" user="gbas" uid="19080331" lat="9.8821962" lon="78.0780262"/>
 <node id="10846678238" visible="true" version="1" changeset="135434692" timestamp="2023-04-27T16:08:19Z" user="gbas" uid="19080331" lat="9.8820350" lon="78.0778706"/>
 <node id="10846678239" visible="true" version="1" changeset="135434692" timestamp="2023-04-27T16:08:19Z" user="gbas" uid="19080331" lat="9.8820482" lon="78.0778277"/>
 <node id="10846678240" visible="true" version="1" changeset="135434692" timestamp="2023-04-27T16:08:19Z" user="gbas" uid="19080331" lat="9.8820747" lon="78.0777928"/>
 <node id="10846678241" visible="true" version="1" changeset="135434692" timestamp="2023-04-27T16:08:19Z" user="gbas" uid="19080331" lat="9.8820667" lon="78.0776748"/>
 <node id="10846678242" visible="true" version="1" changeset="135434692" timestamp="2023-04-27T16:08:19Z" user="gbas" uid="19080331" lat="9.8820324" lon="78.0776560"/>
 <node id="10846678243" visible="true" version="1" changeset="135434692" timestamp="2023-04-27T16:08:19Z" user="gbas" uid="19080331" lat="9.8820218" lon="78.0775943"/>
 <node id="10846678244" visible="true" version="1" changeset="135434692" timestamp="2023-04-27T16:08:19Z" user="gbas" uid="19080331" lat="9.8820060" lon="78.0775595"/>
 <node id="10846678245" visible="true" version="1" changeset="135434692" timestamp="2023-04-27T16:08:19Z" user="gbas" uid="19080331" lat="9.8819003" lon="78.0775300"/>
 <node id="10846678246" visible="true" version="1" changeset="135434692" timestamp="2023-04-27T16:08:19Z" user="gbas" uid="19080331" lat="9.8818659" lon="78.0775514"/>
 <node id="10846678247" visible="true" version="1" changeset="135434692" timestamp="2023-04-27T16:08:19Z" user="gbas" uid="19080331" lat="9.8818316" lon="78.0775782"/>
 <node id="10846678248" visible="true" version="1" changeset="135434692" timestamp="2023-04-27T16:08:19Z" user="gbas" uid="19080331" lat="9.8817787" lon="78.0776346"/>
 <node id="10846678249" visible="true" version="1" changeset="135434692" timestamp="2023-04-27T16:08:19Z" user="gbas" uid="19080331" lat="9.8817708" lon="78.0776748"/>
 <node id="10846678250" visible="true" version="1" changeset="135434692" timestamp="2023-04-27T16:08:19Z" user="gbas" uid="19080331" lat="9.8816889" lon="78.0778787"/>
 <node id="10846678251" visible="true" version="1" changeset="135434692" timestamp="2023-04-27T16:08:19Z" user="gbas" uid="19080331" lat="9.8816387" lon="78.0778921"/>
 <node id="10846678252" visible="true" version="1" changeset="135434692" timestamp="2023-04-27T16:08:19Z" user="gbas" uid="19080331" lat="9.8815990" lon="78.0778921"/>
 <node id="10846678253" visible="true" version="1" changeset="135434692" timestamp="2023-04-27T16:08:19Z" user="gbas" uid="19080331" lat="9.8815198" lon="78.0778840"/>
 <node id="10846678254" visible="true" version="1" changeset="135434692" timestamp="2023-04-27T16:08:19Z" user="gbas" uid="19080331" lat="9.8811789" lon="78.0782810"/>
 <node id="10846678255" visible="true" version="1" changeset="135434692" timestamp="2023-04-27T16:08:19Z" user="gbas" uid="19080331" lat="9.8811525" lon="78.0783212"/>
 <node id="10846678256" visible="true" version="1" changeset="135434692" timestamp="2023-04-27T16:08:19Z" user="gbas" uid="19080331" lat="9.8811340" lon="78.0783534"/>
 <node id="10846678257" visible="true" version="1" changeset="135434692" timestamp="2023-04-27T16:08:19Z" user="gbas" uid="19080331" lat="9.8811128" lon="78.0783910"/>
 <node id="10846678258" visible="true" version="1" changeset="135434692" timestamp="2023-04-27T16:08:19Z" user="gbas" uid="19080331" lat="9.8810891" lon="78.0784607"/>
 <node id="10846678259" visible="true" version="1" changeset="135434692" timestamp="2023-04-27T16:08:19Z" user="gbas" uid="19080331" lat="9.8810706" lon="78.0784956"/>
 <node id="10846678260" visible="true" version="1" changeset="135434692" timestamp="2023-04-27T16:08:19Z" user="gbas" uid="19080331" lat="9.8808142" lon="78.0789676"/>
 <node id="10846678261" visible="true" version="1" changeset="135434692" timestamp="2023-04-27T16:08:19Z" user="gbas" uid="19080331" lat="9.8807905" lon="78.0790025"/>
 <node id="10846678262" visible="true" version="1" changeset="135434692" timestamp="2023-04-27T16:08:19Z" user="gbas" uid="19080331" lat="9.8806161" lon="78.0794182"/>
 <node id="10846678263" visible="true" version="1" changeset="135434692" timestamp="2023-04-27T16:08:19Z" user="gbas" uid="19080331" lat="9.8805843" lon="78.0794424"/>
 <node id="10846678264" visible="true" version="1" changeset="135434692" timestamp="2023-04-27T16:08:19Z" user="gbas" uid="19080331" lat="9.8805447" lon="78.0794719"/>
 <node id="10846678265" visible="true" version="1" changeset="135434692" timestamp="2023-04-27T16:08:19Z" user="gbas" uid="19080331" lat="9.8804945" lon="78.0794531"/>
 <node id="10846678266" visible="true" version="1" changeset="135434692" timestamp="2023-04-27T16:08:19Z" user="gbas" uid="19080331" lat="9.8805130" lon="78.0794182"/>
 <node id="10846678267" visible="true" version="1" changeset="135434692" timestamp="2023-04-27T16:08:19Z" user="gbas" uid="19080331" lat="9.8806742" lon="78.0791768"/>
 <node id="10846678268" visible="true" version="1" changeset="135434692" timestamp="2023-04-27T16:08:19Z" user="gbas" uid="19080331" lat="9.8806795" lon="78.0791259"/>
 <node id="10846678269" visible="true" version="1" changeset="135434692" timestamp="2023-04-27T16:08:19Z" user="gbas" uid="19080331" lat="9.8806900" lon="78.0790910"/>
 <node id="10846678270" visible="true" version="1" changeset="135434692" timestamp="2023-04-27T16:08:19Z" user="gbas" uid="19080331" lat="9.8807376" lon="78.0789998"/>
 <node id="10846678271" visible="true" version="1" changeset="135434692" timestamp="2023-04-27T16:08:19Z" user="gbas" uid="19080331" lat="9.8807561" lon="78.0789596"/>
 <node id="10846678272" visible="true" version="1" changeset="135434692" timestamp="2023-04-27T16:08:19Z" user="gbas" uid="19080331" lat="9.8807693" lon="78.0789247"/>
 <node id="10846678273" visible="true" version="1" changeset="135434692" timestamp="2023-04-27T16:08:19Z" user="gbas" uid="19080331" lat="9.8807799" lon="78.0788791"/>
 <node id="10846678274" visible="true" version="1" changeset="135434692" timestamp="2023-04-27T16:08:19Z" user="gbas" uid="19080331" lat="9.8808592" lon="78.0785760"/>
 <node id="10846678275" visible="true" version="1" changeset="135434692" timestamp="2023-04-27T16:08:19Z" user="gbas" uid="19080331" lat="9.8808592" lon="78.0785385"/>
 <node id="10846678276" visible="true" version="1" changeset="135434692" timestamp="2023-04-27T16:08:19Z" user="gbas" uid="19080331" lat="9.8808407" lon="78.0785063"/>
 <node id="10846678277" visible="true" version="1" changeset="135434692" timestamp="2023-04-27T16:08:19Z" user="gbas" uid="19080331" lat="9.8808275" lon="78.0784178"/>
 <node id="10846678278" visible="true" version="1" changeset="135434692" timestamp="2023-04-27T16:08:19Z" user="gbas" uid="19080331" lat="9.8808301" lon="78.0783802"/>
 <node id="10846678279" visible="true" version="1" changeset="135434692" timestamp="2023-04-27T16:08:19Z" user="gbas" uid="19080331" lat="9.8808301" lon="78.0783427"/>
 <node id="10846678280" visible="true" version="1" changeset="135434692" timestamp="2023-04-27T16:08:19Z" user="gbas" uid="19080331" lat="9.8808248" lon="78.0783051"/>
 <node id="10846678281" visible="true" version="1" changeset="135434692" timestamp="2023-04-27T16:08:19Z" user="gbas" uid="19080331" lat="9.8808222" lon="78.0782515"/>
 <node id="10846678282" visible="true" version="1" changeset="135434692" timestamp="2023-04-27T16:08:19Z" user="gbas" uid="19080331" lat="9.8808248" lon="78.0782166"/>
 <node id="10846678283" visible="true" version="1" changeset="135434692" timestamp="2023-04-27T16:08:19Z" user="gbas" uid="19080331" lat="9.8808327" lon="78.0781817"/>
 <node id="10846678284" visible="true" version="1" changeset="135434692" timestamp="2023-04-27T16:08:19Z" user="gbas" uid="19080331" lat="9.8809490" lon="78.0778438"/>
 <node id="10846678285" visible="true" version="1" changeset="135434692" timestamp="2023-04-27T16:08:19Z" user="gbas" uid="19080331" lat="9.8809807" lon="78.0777740"/>
 <node id="10846678286" visible="true" version="1" changeset="135434692" timestamp="2023-04-27T16:08:19Z" user="gbas" uid="19080331" lat="9.8812238" lon="78.0774468"/>
 <node id="10846678287" visible="true" version="1" changeset="135434692" timestamp="2023-04-27T16:08:19Z" user="gbas" uid="19080331" lat="9.8812502" lon="78.0773824"/>
 <node id="10846678288" visible="true" version="1" changeset="135434692" timestamp="2023-04-27T16:08:19Z" user="gbas" uid="19080331" lat="9.8812661" lon="78.0772322"/>
 <node id="10846678289" visible="true" version="1" changeset="135434692" timestamp="2023-04-27T16:08:19Z" user="gbas" uid="19080331" lat="9.8811710" lon="78.0769318"/>
 <node id="10846678290" visible="true" version="1" changeset="135434692" timestamp="2023-04-27T16:08:19Z" user="gbas" uid="19080331" lat="9.8812185" lon="78.0768728"/>
 <node id="10846678291" visible="true" version="1" changeset="135434692" timestamp="2023-04-27T16:08:19Z" user="gbas" uid="19080331" lat="9.8814484" lon="78.0765134"/>
 <node id="10846678292" visible="true" version="1" changeset="135434692" timestamp="2023-04-27T16:08:19Z" user="gbas" uid="19080331" lat="9.8814775" lon="78.0764785"/>
 <node id="10846678293" visible="true" version="1" changeset="135434692" timestamp="2023-04-27T16:08:19Z" user="gbas" uid="19080331" lat="9.8815198" lon="78.0764651"/>
 <node id="10846678294" visible="true" version="1" changeset="135434692" timestamp="2023-04-27T16:08:19Z" user="gbas" uid="19080331" lat="9.8815647" lon="78.0764651"/>
 <node id="10846678295" visible="true" version="1" changeset="135434692" timestamp="2023-04-27T16:08:19Z" user="gbas" uid="19080331" lat="9.8816915" lon="78.0765107"/>
 <node id="10846678296" visible="true" version="1" changeset="135434692" timestamp="2023-04-27T16:08:19Z" user="gbas" uid="19080331" lat="9.8817312" lon="78.0765322"/>
 <node id="10846678297" visible="true" version="1" changeset="135434692" timestamp="2023-04-27T16:08:19Z" user="gbas" uid="19080331" lat="9.8817814" lon="78.0765617"/>
 <node id="10846678298" visible="true" version="1" changeset="135434692" timestamp="2023-04-27T16:08:19Z" user="gbas" uid="19080331" lat="9.8818236" lon="78.0765590"/>
 <node id="10846678299" visible="true" version="1" changeset="135434692" timestamp="2023-04-27T16:08:19Z" user="gbas" uid="19080331" lat="9.8818844" lon="78.0764383"/>
 <node id="10846678300" visible="true" version="1" changeset="135434692" timestamp="2023-04-27T16:08:19Z" user="gbas" uid="19080331" lat="9.8818976" lon="78.0764008"/>
 <node id="10846678301" visible="true" version="1" changeset="135434692" timestamp="2023-04-27T16:08:19Z" user="gbas" uid="19080331" lat="9.8819082" lon="78.0763605"/>
 <node id="10846678302" visible="true" version="1" changeset="135434692" timestamp="2023-04-27T16:08:19Z" user="gbas" uid="19080331" lat="9.8819214" lon="78.0763283"/>
 <node id="10846678303" visible="true" version="1" changeset="135434692" timestamp="2023-04-27T16:08:19Z" user="gbas" uid="19080331" lat="9.8819056" lon="78.0762264"/>
 <node id="10846678304" visible="true" version="1" changeset="135434692" timestamp="2023-04-27T16:08:19Z" user="gbas" uid="19080331" lat="9.8818897" lon="78.0761915"/>
 <node id="10846678305" visible="true" version="1" changeset="135434692" timestamp="2023-04-27T16:08:19Z" user="gbas" uid="19080331" lat="9.8818791" lon="78.0761540"/>
 <node id="10846678306" visible="true" version="1" changeset="135434692" timestamp="2023-04-27T16:08:19Z" user="gbas" uid="19080331" lat="9.8818606" lon="78.0761245"/>
 <node id="10846678307" visible="true" version="1" changeset="135434692" timestamp="2023-04-27T16:08:19Z" user="gbas" uid="19080331" lat="9.8817259" lon="78.0760387"/>
 <node id="10846678308" visible="true" version="1" changeset="135434692" timestamp="2023-04-27T16:08:19Z" user="gbas" uid="19080331" lat="9.8816810" lon="78.0760467"/>
 <node id="10846678309" visible="true" version="1" changeset="135434692" timestamp="2023-04-27T16:08:19Z" user="gbas" uid="19080331" lat="9.8816413" lon="78.0760655"/>
 <node id="10846678310" visible="true" version="1" changeset="135434692" timestamp="2023-04-27T16:08:19Z" user="gbas" uid="19080331" lat="9.8816043" lon="78.0760789"/>
 <node id="10846678311" visible="true" version="1" changeset="135434692" timestamp="2023-04-27T16:08:19Z" user="gbas" uid="19080331" lat="9.8816440" lon="78.0759850"/>
 <node id="10846678312" visible="true" version="1" changeset="135434692" timestamp="2023-04-27T16:08:19Z" user="gbas" uid="19080331" lat="9.8816625" lon="78.0759555"/>
 <node id="10846678313" visible="true" version="1" changeset="135434692" timestamp="2023-04-27T16:08:19Z" user="gbas" uid="19080331" lat="9.8816783" lon="78.0759126"/>
 <node id="10846678314" visible="true" version="1" changeset="135434692" timestamp="2023-04-27T16:08:19Z" user="gbas" uid="19080331" lat="9.8816994" lon="78.0758750"/>
 <node id="10846678315" visible="true" version="1" changeset="135434692" timestamp="2023-04-27T16:08:19Z" user="gbas" uid="19080331" lat="9.8817312" lon="78.0758429"/>
 <node id="10846678316" visible="true" version="1" changeset="135434692" timestamp="2023-04-27T16:08:19Z" user="gbas" uid="19080331" lat="9.8817602" lon="78.0758134"/>
 <node id="10846678317" visible="true" version="1" changeset="135434692" timestamp="2023-04-27T16:08:19Z" user="gbas" uid="19080331" lat="9.8817840" lon="78.0757785"/>
 <node id="10846678318" visible="true" version="1" changeset="135434692" timestamp="2023-04-27T16:08:19Z" user="gbas" uid="19080331" lat="9.8818184" lon="78.0757463"/>
 <node id="10846678319" visible="true" version="1" changeset="135434692" timestamp="2023-04-27T16:08:19Z" user="gbas" uid="19080331" lat="9.8820958" lon="78.0756927"/>
 <node id="10846678320" visible="true" version="1" changeset="135434692" timestamp="2023-04-27T16:08:19Z" user="gbas" uid="19080331" lat="9.8821381" lon="78.0757034"/>
 <node id="10846678321" visible="true" version="1" changeset="135434692" timestamp="2023-04-27T16:08:19Z" user="gbas" uid="19080331" lat="9.8822596" lon="78.0758402"/>
 <node id="10846678359" visible="true" version="1" changeset="135434692" timestamp="2023-04-27T16:08:19Z" user="gbas" uid="19080331" lat="9.8846246" lon="78.0780570"/>
 <node id="10846678360" visible="true" version="1" changeset="135434692" timestamp="2023-04-27T16:08:19Z" user="gbas" uid="19080331" lat="9.8845744" lon="78.0780999"/>
 <node id="10846678361" visible="true" version="1" changeset="135434692" timestamp="2023-04-27T16:08:19Z" user="gbas" uid="19080331" lat="9.8845057" lon="78.0781013"/>
 <node id="10846678362" visible="true" version="1" changeset="135434692" timestamp="2023-04-27T16:08:19Z" user="gbas" uid="19080331" lat="9.8844489" lon="78.0781133"/>
 <node id="10846678363" visible="true" version="1" changeset="135434692" timestamp="2023-04-27T16:08:19Z" user="gbas" uid="19080331" lat="9.8843194" lon="78.0781938"/>
 <node id="10846678364" visible="true" version="1" changeset="135434692" timestamp="2023-04-27T16:08:19Z" user="gbas" uid="19080331" lat="9.8842520" lon="78.0782327"/>
 <node id="10846678365" visible="true" version="1" changeset="135434692" timestamp="2023-04-27T16:08:19Z" user="gbas" uid="19080331" lat="9.8841305" lon="78.0783293"/>
 <node id="10846678366" visible="true" version="1" changeset="135434692" timestamp="2023-04-27T16:08:19Z" user="gbas" uid="19080331" lat="9.8840829" lon="78.0783574"/>
 <node id="10846678367" visible="true" version="1" changeset="135434692" timestamp="2023-04-27T16:08:19Z" user="gbas" uid="19080331" lat="9.8840287" lon="78.0784097"/>
 <node id="10846678368" visible="true" version="1" changeset="135434692" timestamp="2023-04-27T16:08:19Z" user="gbas" uid="19080331" lat="9.8839534" lon="78.0784701"/>
 <node id="10846678369" visible="true" version="1" changeset="135434692" timestamp="2023-04-27T16:08:19Z" user="gbas" uid="19080331" lat="9.8838900" lon="78.0785277"/>
 <node id="10846678370" visible="true" version="1" changeset="135434692" timestamp="2023-04-27T16:08:19Z" user="gbas" uid="19080331" lat="9.8838107" lon="78.0785707"/>
 <node id="10846678371" visible="true" version="1" changeset="135434692" timestamp="2023-04-27T16:08:19Z" user="gbas" uid="19080331" lat="9.8837182" lon="78.0786055"/>
 <node id="10846678372" visible="true" version="1" changeset="135434692" timestamp="2023-04-27T16:08:19Z" user="gbas" uid="19080331" lat="9.8835333" lon="78.0787262"/>
 <node id="10846678373" visible="true" version="1" changeset="135434692" timestamp="2023-04-27T16:08:19Z" user="gbas" uid="19080331" lat="9.8834355" lon="78.0787691"/>
 <node id="10846678374" visible="true" version="1" changeset="135434692" timestamp="2023-04-27T16:08:19Z" user="gbas" uid="19080331" lat="9.8833747" lon="78.0788389"/>
 <node id="10846678375" visible="true" version="1" changeset="135434692" timestamp="2023-04-27T16:08:19Z" user="gbas" uid="19080331" lat="9.8832823" lon="78.0789086"/>
 <node id="10846678376" visible="true" version="1" changeset="135434692" timestamp="2023-04-27T16:08:19Z" user="gbas" uid="19080331" lat="9.8832083" lon="78.0790374"/>
 <node id="10846678377" visible="true" version="1" changeset="135434692" timestamp="2023-04-27T16:08:19Z" user="gbas" uid="19080331" lat="9.8831343" lon="78.0791420"/>
 <node id="10846678378" visible="true" version="1" changeset="135434692" timestamp="2023-04-27T16:08:19Z" user="gbas" uid="19080331" lat="9.8830392" lon="78.0791929"/>
 <node id="10846678379" visible="true" version="1" changeset="135434692" timestamp="2023-04-27T16:08:19Z" user="gbas" uid="19080331" lat="9.8829467" lon="78.0793002"/>
 <node id="10846678380" visible="true" version="1" changeset="135434692" timestamp="2023-04-27T16:08:19Z" user="gbas" uid="19080331" lat="9.8828833" lon="78.0793780"/>
 <node id="10846678381" visible="true" version="1" changeset="135434692" timestamp="2023-04-27T16:08:19Z" user="gbas" uid="19080331" lat="9.8828066" lon="78.0794531"/>
 <node id="10846678382" visible="true" version="1" changeset="135434692" timestamp="2023-04-27T16:08:19Z" user="gbas" uid="19080331" lat="9.8826824" lon="78.0794826"/>
 <node id="10846678383" visible="true" version="1" changeset="135434692" timestamp="2023-04-27T16:08:19Z" user="gbas" uid="19080331" lat="9.8825899" lon="78.0795014"/>
 <node id="10846678384" visible="true" version="1" changeset="135434692" timestamp="2023-04-27T16:08:19Z" user="gbas" uid="19080331" lat="9.8824459" lon="78.0795550"/>
 <node id="10846678385" visible="true" version="1" changeset="135434692" timestamp="2023-04-27T16:08:19Z" user="gbas" uid="19080331" lat="9.8823746" lon="78.0795859"/>
 <node id="10846678386" visible="true" version="1" changeset="135434692" timestamp="2023-04-27T16:08:19Z" user="gbas" uid="19080331" lat="9.8823217" lon="78.0796301"/>
 <node id="10846678387" visible="true" version="1" changeset="135434692" timestamp="2023-04-27T16:08:19Z" user="gbas" uid="19080331" lat="9.8822319" lon="78.0796838"/>
 <node id="10846678388" visible="true" version="1" changeset="135434692" timestamp="2023-04-27T16:08:19Z" user="gbas" uid="19080331" lat="9.8821804" lon="78.0797119"/>
 <node id="10846678389" visible="true" version="1" changeset="135434692" timestamp="2023-04-27T16:08:19Z" user="gbas" uid="19080331" lat="9.8821645" lon="78.0797844"/>
 <node id="10846678390" visible="true" version="1" changeset="135434692" timestamp="2023-04-27T16:08:19Z" user="gbas" uid="19080331" lat="9.8821090" lon="78.0798890"/>
 <node id="10846678391" visible="true" version="1" changeset="135434692" timestamp="2023-04-27T16:08:19Z" user="gbas" uid="19080331" lat="9.8820800" lon="78.0799963"/>
 <node id="10846678392" visible="true" version="1" changeset="135434692" timestamp="2023-04-27T16:08:19Z" user="gbas" uid="19080331" lat="9.8820535" lon="78.0800767"/>
 <node id="10846678393" visible="true" version="1" changeset="135434692" timestamp="2023-04-27T16:08:19Z" user="gbas" uid="19080331" lat="9.8818990" lon="78.0802041"/>
 <node id="10846678394" visible="true" version="1" changeset="135434692" timestamp="2023-04-27T16:08:19Z" user="gbas" uid="19080331" lat="9.8817906" lon="78.0802242"/>
 <node id="10846678395" visible="true" version="1" changeset="135434692" timestamp="2023-04-27T16:08:19Z" user="gbas" uid="19080331" lat="9.8816545" lon="78.0802578"/>
 <node id="10846678396" visible="true" version="1" changeset="135434692" timestamp="2023-04-27T16:08:19Z" user="gbas" uid="19080331" lat="9.8815303" lon="78.0803530"/>
 <node id="10846678397" visible="true" version="1" changeset="135434692" timestamp="2023-04-27T16:08:19Z" user="gbas" uid="19080331" lat="9.8815211" lon="78.0804335"/>
 <node id="10846678398" visible="true" version="1" changeset="135434692" timestamp="2023-04-27T16:08:19Z" user="gbas" uid="19080331" lat="9.8815224" lon="78.0805461"/>
 <node id="10846678399" visible="true" version="1" changeset="135434692" timestamp="2023-04-27T16:08:19Z" user="gbas" uid="19080331" lat="9.8815409" lon="78.0805944"/>
 <node id="10846678400" visible="true" version="1" changeset="135434692" timestamp="2023-04-27T16:08:19Z" user="gbas" uid="19080331" lat="9.8815488" lon="78.0806574"/>
 <node id="10846678401" visible="true" version="1" changeset="135434692" timestamp="2023-04-27T16:08:19Z" user="gbas" uid="19080331" lat="9.8814894" lon="78.0807500"/>
 <node id="10846678402" visible="true" version="1" changeset="135434692" timestamp="2023-04-27T16:08:19Z" user="gbas" uid="19080331" lat="9.8814511" lon="78.0808090"/>
 <node id="10846678403" visible="true" version="1" changeset="135434692" timestamp="2023-04-27T16:08:19Z" user="gbas" uid="19080331" lat="9.8814326" lon="78.0808975"/>
 <node id="10846678404" visible="true" version="1" changeset="135434692" timestamp="2023-04-27T16:08:19Z" user="gbas" uid="19080331" lat="9.8814339" lon="78.0810061"/>
 <node id="10846678405" visible="true" version="1" changeset="135434692" timestamp="2023-04-27T16:08:19Z" user="gbas" uid="19080331" lat="9.8813890" lon="78.0814044"/>
 <node id="10846678406" visible="true" version="1" changeset="135434692" timestamp="2023-04-27T16:08:19Z" user="gbas" uid="19080331" lat="9.8813810" lon="78.0814688"/>
 <node id="10846678407" visible="true" version="1" changeset="135434692" timestamp="2023-04-27T16:08:19Z" user="gbas" uid="19080331" lat="9.8814061" lon="78.0815828"/>
 <node id="10846678408" visible="true" version="1" changeset="135434692" timestamp="2023-04-27T16:08:19Z" user="gbas" uid="19080331" lat="9.8814273" lon="78.0816659"/>
 <node id="10846678409" visible="true" version="1" changeset="135434692" timestamp="2023-04-27T16:08:19Z" user="gbas" uid="19080331" lat="9.8814365" lon="78.0817612"/>
 <node id="10846678410" visible="true" version="1" changeset="135434692" timestamp="2023-04-27T16:08:19Z" user="gbas" uid="19080331" lat="9.8814194" lon="78.0818751"/>
 <node id="10846678411" visible="true" version="1" changeset="135434692" timestamp="2023-04-27T16:08:19Z" user="gbas" uid="19080331" lat="9.8814445" lon="78.0819422"/>
 <node id="10846678412" visible="true" version="1" changeset="135434692" timestamp="2023-04-27T16:08:19Z" user="gbas" uid="19080331" lat="9.8809556" lon="78.0810115"/>
 <node id="10846678413" visible="true" version="1" changeset="135434692" timestamp="2023-04-27T16:08:19Z" user="gbas" uid="19080331" lat="9.8810124" lon="78.0813736"/>
 <node id="10846678414" visible="true" version="1" changeset="135434692" timestamp="2023-04-27T16:08:19Z" user="gbas" uid="19080331" lat="9.8811075" lon="78.0819000"/>
 <node id="10846678415" visible="true" version="1" changeset="135434692" timestamp="2023-04-27T16:08:19Z" user="gbas" uid="19080331" lat="9.8811505" lon="78.0819643"/>
 <node id="10846678416" visible="true" version="1" changeset="135434692" timestamp="2023-04-27T16:08:19Z" user="gbas" uid="19080331" lat="9.8812132" lon="78.0820079"/>
 <node id="10846678417" visible="true" version="1" changeset="135434692" timestamp="2023-04-27T16:08:19Z" user="gbas" uid="19080331" lat="9.8815257" lon="78.0820646"/>
 <node id="10846678418" visible="true" version="1" changeset="135434692" timestamp="2023-04-27T16:08:19Z" user="gbas" uid="19080331" lat="9.8815396" lon="78.0820716"/>
 <node id="10846678419" visible="true" version="1" changeset="135434692" timestamp="2023-04-27T16:08:19Z" user="gbas" uid="19080331" lat="9.8815700" lon="78.0821340"/>
 <node id="10846678420" visible="true" version="1" changeset="135434692" timestamp="2023-04-27T16:08:19Z" user="gbas" uid="19080331" lat="9.8815792" lon="78.0821648"/>
 <node id="10846678421" visible="true" version="1" changeset="135434692" timestamp="2023-04-27T16:08:19Z" user="gbas" uid="19080331" lat="9.8815779" lon="78.0822869"/>
 <node id="10846678422" visible="true" version="1" changeset="135434692" timestamp="2023-04-27T16:08:19Z" user="gbas" uid="19080331" lat="9.8809503" lon="78.0826718"/>
 <node id="10846678423" visible="true" version="1" changeset="135434692" timestamp="2023-04-27T16:08:19Z" user="gbas" uid="19080331" lat="9.8811432" lon="78.0827013"/>
 <node id="10846678424" visible="true" version="1" changeset="135434692" timestamp="2023-04-27T16:08:19Z" user="gbas" uid="19080331" lat="9.8813176" lon="78.0826932"/>
 <node id="10846678425" visible="true" version="1" changeset="135434692" timestamp="2023-04-27T16:08:19Z" user="gbas" uid="19080331" lat="9.8814947" lon="78.0827388"/>
 <node id="10846678426" visible="true" version="1" changeset="135434692" timestamp="2023-04-27T16:08:19Z" user="gbas" uid="19080331" lat="9.8814643" lon="78.0827187"/>
 <node id="10846678427" visible="true" version="1" changeset="135434692" timestamp="2023-04-27T16:08:19Z" user="gbas" uid="19080331" lat="9.8809437" lon="78.0808090"/>
 <node id="10846678428" visible="true" version="1" changeset="135434692" timestamp="2023-04-27T16:08:19Z" user="gbas" uid="19080331" lat="9.8808975" lon="78.0807808"/>
 <node id="10846678429" visible="true" version="1" changeset="135434692" timestamp="2023-04-27T16:08:19Z" user="gbas" uid="19080331" lat="9.8808539" lon="78.0807473"/>
 <node id="10846678430" visible="true" version="1" changeset="135434692" timestamp="2023-04-27T16:08:19Z" user="gbas" uid="19080331" lat="9.8808090" lon="78.0806977"/>
 <node id="10846678431" visible="true" version="1" changeset="135434692" timestamp="2023-04-27T16:08:19Z" user="gbas" uid="19080331" lat="9.8805645" lon="78.0803798"/>
 <node id="10846678432" visible="true" version="1" changeset="135434692" timestamp="2023-04-27T16:08:19Z" user="gbas" uid="19080331" lat="9.8804892" lon="78.0801733"/>
 <node id="10846678433" visible="true" version="1" changeset="135434692" timestamp="2023-04-27T16:08:19Z" user="gbas" uid="19080331" lat="9.8804760" lon="78.0801062"/>
 <node id="10846678434" visible="true" version="1" changeset="135434692" timestamp="2023-04-27T16:08:19Z" user="gbas" uid="19080331" lat="9.8804166" lon="78.0800445"/>
 <node id="10846678435" visible="true" version="1" changeset="135434692" timestamp="2023-04-27T16:08:19Z" user="gbas" uid="19080331" lat="9.8803809" lon="78.0799372"/>
 <node id="10846678436" visible="true" version="1" changeset="135434692" timestamp="2023-04-27T16:08:19Z" user="gbas" uid="19080331" lat="9.8803703" lon="78.0798595"/>
 <node id="10846678437" visible="true" version="1" changeset="135434692" timestamp="2023-04-27T16:08:19Z" user="gbas" uid="19080331" lat="9.8803703" lon="78.0797696"/>
 <node id="10846678438" visible="true" version="1" changeset="135434692" timestamp="2023-04-27T16:08:19Z" user="gbas" uid="19080331" lat="9.8805196" lon="78.0795376"/>
 <node id="10846678439" visible="true" version="1" changeset="135434692" timestamp="2023-04-27T16:08:19Z" user="gbas" uid="19080331" lat="9.8805725" lon="78.0794612"/>
 <node id="10846678440" visible="true" version="1" changeset="135434692" timestamp="2023-04-27T16:08:19Z" user="gbas" uid="19080331" lat="9.8806517" lon="78.0793525"/>
 <node id="10846678441" visible="true" version="1" changeset="135434692" timestamp="2023-04-27T16:08:19Z" user="gbas" uid="19080331" lat="9.8806940" lon="78.0792493"/>
 <node id="10846678442" visible="true" version="1" changeset="135434692" timestamp="2023-04-27T16:08:19Z" user="gbas" uid="19080331" lat="9.8807838" lon="78.0790119"/>
 <node id="10846678443" visible="true" version="1" changeset="135434692" timestamp="2023-04-27T16:08:19Z" user="gbas" uid="19080331" lat="9.8808618" lon="78.0786471"/>
 <node id="10846678444" visible="true" version="1" changeset="135434692" timestamp="2023-04-27T16:08:19Z" user="gbas" uid="19080331" lat="9.8808578" lon="78.0786002"/>
 <node id="10846678445" visible="true" version="1" changeset="135434692" timestamp="2023-04-27T16:08:19Z" user="gbas" uid="19080331" lat="9.8808327" lon="78.0785063"/>
 <node id="10846678446" visible="true" version="1" changeset="135434692" timestamp="2023-04-27T16:08:19Z" user="gbas" uid="19080331" lat="9.8807614" lon="78.0783427"/>
 <node id="10846678447" visible="true" version="1" changeset="135434692" timestamp="2023-04-27T16:08:19Z" user="gbas" uid="19080331" lat="9.8807469" lon="78.0781509"/>
 <node id="10846678448" visible="true" version="1" changeset="135434692" timestamp="2023-04-27T16:08:19Z" user="gbas" uid="19080331" lat="9.8807376" lon="78.0777539"/>
 <node id="10846678449" visible="true" version="1" changeset="135434692" timestamp="2023-04-27T16:08:19Z" user="gbas" uid="19080331" lat="9.8807231" lon="78.0775903"/>
 <node id="10846678450" visible="true" version="1" changeset="135434692" timestamp="2023-04-27T16:08:19Z" user="gbas" uid="19080331" lat="9.8805989" lon="78.0773543"/>
 <node id="10846678451" visible="true" version="1" changeset="135434692" timestamp="2023-04-27T16:08:19Z" user="gbas" uid="19080331" lat="9.8805434" lon="78.0773073"/>
 <node id="10846678452" visible="true" version="1" changeset="135434692" timestamp="2023-04-27T16:08:19Z" user="gbas" uid="19080331" lat="9.8804364" lon="78.0772845"/>
 <node id="10846678453" visible="true" version="1" changeset="135434692" timestamp="2023-04-27T16:08:19Z" user="gbas" uid="19080331" lat="9.8802395" lon="78.0772577"/>
 <node id="10846678454" visible="true" version="1" changeset="135434692" timestamp="2023-04-27T16:08:19Z" user="gbas" uid="19080331" lat="9.8808605" lon="78.0786847"/>
 <node id="10846678455" visible="true" version="1" changeset="135434692" timestamp="2023-04-27T16:08:19Z" user="gbas" uid="19080331" lat="9.8809014" lon="78.0786766"/>
 <node id="10846678456" visible="true" version="1" changeset="135434692" timestamp="2023-04-27T16:08:19Z" user="gbas" uid="19080331" lat="9.8809358" lon="78.0786686"/>
 <node id="10846678457" visible="true" version="1" changeset="135434692" timestamp="2023-04-27T16:08:19Z" user="gbas" uid="19080331" lat="9.8809873" lon="78.0786753"/>
 <node id="10846678458" visible="true" version="1" changeset="135434692" timestamp="2023-04-27T16:08:19Z" user="gbas" uid="19080331" lat="9.8810547" lon="78.0786860"/>
 <node id="10846678459" visible="true" version="1" changeset="135434692" timestamp="2023-04-27T16:08:19Z" user="gbas" uid="19080331" lat="9.8811009" lon="78.0786927"/>
 <node id="10846678460" visible="true" version="1" changeset="135434692" timestamp="2023-04-27T16:08:19Z" user="gbas" uid="19080331" lat="9.8811353" lon="78.0786873"/>
 <node id="10846678461" visible="true" version="1" changeset="135434692" timestamp="2023-04-27T16:08:19Z" user="gbas" uid="19080331" lat="9.8811498" lon="78.0786645"/>
 <node id="10846678462" visible="true" version="1" changeset="135434692" timestamp="2023-04-27T16:08:19Z" user="gbas" uid="19080331" lat="9.8811974" lon="78.0786176"/>
 <node id="10846678463" visible="true" version="1" changeset="135434692" timestamp="2023-04-27T16:08:19Z" user="gbas" uid="19080331" lat="9.8812410" lon="78.0785546"/>
 <node id="10846678464" visible="true" version="1" changeset="135434692" timestamp="2023-04-27T16:08:19Z" user="gbas" uid="19080331" lat="9.8813123" lon="78.0785184"/>
 <node id="10846678465" visible="true" version="1" changeset="135434692" timestamp="2023-04-27T16:08:19Z" user="gbas" uid="19080331" lat="9.8813612" lon="78.0784915"/>
 <node id="10846678466" visible="true" version="1" changeset="135434692" timestamp="2023-04-27T16:08:19Z" user="gbas" uid="19080331" lat="9.8817054" lon="78.0782374"/>
 <node id="10846678467" visible="true" version="1" changeset="135434692" timestamp="2023-04-27T16:08:19Z" user="gbas" uid="19080331" lat="9.8817358" lon="78.0782045"/>
 <node id="10846678468" visible="true" version="1" changeset="135434692" timestamp="2023-04-27T16:08:19Z" user="gbas" uid="19080331" lat="9.8817886" lon="78.0781180"/>
 <node id="10846678469" visible="true" version="1" changeset="135434692" timestamp="2023-04-27T16:08:19Z" user="gbas" uid="19080331" lat="9.8818785" lon="78.0780664"/>
 <node id="10846678470" visible="true" version="1" changeset="135434692" timestamp="2023-04-27T16:08:19Z" user="gbas" uid="19080331" lat="9.8819525" lon="78.0779732"/>
 <node id="10846678471" visible="true" version="1" changeset="135434692" timestamp="2023-04-27T16:08:19Z" user="gbas" uid="19080331" lat="9.8819868" lon="78.0779403"/>
 <node id="10846678472" visible="true" version="1" changeset="135434692" timestamp="2023-04-27T16:08:19Z" user="gbas" uid="19080331" lat="9.8820126" lon="78.0778968"/>
 <node id="10846678473" visible="true" version="1" changeset="135434692" timestamp="2023-04-27T16:08:19Z" user="gbas" uid="19080331" lat="9.8820165" lon="78.0778673"/>
 <node id="10846678474" visible="true" version="1" changeset="135434692" timestamp="2023-04-27T16:08:19Z" user="gbas" uid="19080331" lat="9.8820198" lon="78.0777828"/>
 <node id="10846678475" visible="true" version="1" changeset="135434692" timestamp="2023-04-27T16:08:19Z" user="gbas" uid="19080331" lat="9.8820212" lon="78.0776869"/>
 <node id="10846678476" visible="true" version="1" changeset="135434692" timestamp="2023-04-27T16:08:19Z" user="gbas" uid="19080331" lat="9.8820231" lon="78.0776138"/>
 <node id="10846678477" visible="true" version="1" changeset="135434692" timestamp="2023-04-27T16:08:19Z" user="gbas" uid="19080331" lat="9.8820225" lon="78.0775601"/>
 <node id="10846678478" visible="true" version="1" changeset="135434692" timestamp="2023-04-27T16:08:19Z" user="gbas" uid="19080331" lat="9.8819980" lon="78.0775052"/>
 <node id="10846678479" visible="true" version="1" changeset="135434692" timestamp="2023-04-27T16:08:19Z" user="gbas" uid="19080331" lat="9.8820079" lon="78.0774569"/>
 <node id="10846678480" visible="true" version="1" changeset="135434692" timestamp="2023-04-27T16:08:19Z" user="gbas" uid="19080331" lat="9.8820106" lon="78.0773992"/>
 <node id="10846678481" visible="true" version="1" changeset="135434692" timestamp="2023-04-27T16:08:19Z" user="gbas" uid="19080331" lat="9.8819980" lon="78.0773114"/>
 <node id="10846678482" visible="true" version="1" changeset="135434692" timestamp="2023-04-27T16:08:19Z" user="gbas" uid="19080331" lat="9.8819967" lon="78.0772832"/>
 <node id="10846678483" visible="true" version="1" changeset="135434692" timestamp="2023-04-27T16:08:19Z" user="gbas" uid="19080331" lat="9.8819809" lon="78.0772450"/>
 <node id="10846678484" visible="true" version="1" changeset="135434692" timestamp="2023-04-27T16:08:19Z" user="gbas" uid="19080331" lat="9.8819848" lon="78.0772135"/>
 <node id="10846678485" visible="true" version="1" changeset="135434692" timestamp="2023-04-27T16:08:19Z" user="gbas" uid="19080331" lat="9.8819789" lon="78.0771840"/>
 <node id="10846678486" visible="true" version="1" changeset="135434692" timestamp="2023-04-27T16:08:19Z" user="gbas" uid="19080331" lat="9.8819577" lon="78.0771672"/>
 <node id="10846678487" visible="true" version="1" changeset="135434692" timestamp="2023-04-27T16:08:19Z" user="gbas" uid="19080331" lat="9.8819663" lon="78.0771182"/>
 <node id="10846678488" visible="true" version="1" changeset="135434692" timestamp="2023-04-27T16:08:19Z" user="gbas" uid="19080331" lat="9.8819921" lon="78.0770760"/>
 <node id="10846678489" visible="true" version="1" changeset="135434692" timestamp="2023-04-27T16:08:19Z" user="gbas" uid="19080331" lat="9.8820185" lon="78.0770297"/>
 <node id="10846678490" visible="true" version="1" changeset="135434692" timestamp="2023-04-27T16:08:19Z" user="gbas" uid="19080331" lat="9.8820264" lon="78.0769747"/>
 <node id="10846678491" visible="true" version="1" changeset="135434692" timestamp="2023-04-27T16:08:19Z" user="gbas" uid="19080331" lat="9.8820476" lon="78.0769124"/>
 <node id="10846678492" visible="true" version="1" changeset="135434692" timestamp="2023-04-27T16:08:19Z" user="gbas" uid="19080331" lat="9.8820793" lon="78.0768708"/>
 <node id="10846678493" visible="true" version="1" changeset="135434692" timestamp="2023-04-27T16:08:19Z" user="gbas" uid="19080331" lat="9.8820938" lon="78.0768453"/>
 <node id="10846678494" visible="true" version="1" changeset="135434692" timestamp="2023-04-27T16:08:19Z" user="gbas" uid="19080331" lat="9.8820985" lon="78.0767421"/>
 <node id="10846678495" visible="true" version="1" changeset="135434692" timestamp="2023-04-27T16:08:19Z" user="gbas" uid="19080331" lat="9.8820879" lon="78.0766214"/>
 <node id="10846678496" visible="true" version="1" changeset="135434692" timestamp="2023-04-27T16:08:19Z" user="gbas" uid="19080331" lat="9.8820436" lon="78.0764946"/>
 <node id="10846678497" visible="true" version="1" changeset="135434692" timestamp="2023-04-27T16:08:19Z" user="gbas" uid="19080331" lat="9.8820430" lon="78.0763766"/>
 <node id="10846678498" visible="true" version="1" changeset="135434692" timestamp="2023-04-27T16:08:19Z" user="gbas" uid="19080331" lat="9.8820522" lon="78.0763169"/>
 <node id="10846678499" visible="true" version="1" changeset="135434692" timestamp="2023-04-27T16:08:19Z" user="gbas" uid="19080331" lat="9.8820621" lon="78.0762707"/>
 <node id="10846678500" visible="true" version="1" changeset="135434692" timestamp="2023-04-27T16:08:19Z" user="gbas" uid="19080331" lat="9.8821302" lon="78.0761036"/>
 <node id="10846678501" visible="true" version="1" changeset="135434692" timestamp="2023-04-27T16:08:19Z" user="gbas" uid="19080331" lat="9.8821417" lon="78.0760870"/>
 <node id="10846678502" visible="true" version="1" changeset="135434692" timestamp="2023-04-27T16:08:19Z" user="gbas" uid="19080331" lat="9.8821585" lon="78.0760791"/>
 <node id="10846678503" visible="true" version="1" changeset="135434692" timestamp="2023-04-27T16:08:19Z" user="gbas" uid="19080331" lat="9.8821850" lon="78.0760889"/>
 <node id="10846678553" visible="true" version="1" changeset="135434692" timestamp="2023-04-27T16:08:19Z" user="gbas" uid="19080331" lat="9.8861968" lon="78.0794115"/>
 <node id="10846678554" visible="true" version="1" changeset="135434692" timestamp="2023-04-27T16:08:19Z" user="gbas" uid="19080331" lat="9.8861565" lon="78.0792955"/>
 <node id="10846678555" visible="true" version="1" changeset="135434692" timestamp="2023-04-27T16:08:19Z" user="gbas" uid="19080331" lat="9.8856697" lon="78.0792211"/>
 <node id="10846678556" visible="true" version="1" changeset="135434692" timestamp="2023-04-27T16:08:19Z" user="gbas" uid="19080331" lat="9.8856829" lon="78.0791152"/>
 <node id="10846703673" visible="true" version="1" changeset="135435646" timestamp="2023-04-27T16:35:46Z" user="gbas" uid="19080331" lat="9.8883768" lon="78.0798823"/>
 <node id="10846703674" visible="true" version="1" changeset="135435646" timestamp="2023-04-27T16:35:46Z" user="gbas" uid="19080331" lat="9.8884032" lon="78.0799198"/>
 <node id="10846703675" visible="true" version="1" changeset="135435646" timestamp="2023-04-27T16:35:46Z" user="gbas" uid="19080331" lat="9.8884851" lon="78.0799600"/>
 <node id="10846703676" visible="true" version="1" changeset="135435646" timestamp="2023-04-27T16:35:46Z" user="gbas" uid="19080331" lat="9.8885564" lon="78.0800647"/>
 <node id="10846703677" visible="true" version="1" changeset="135435646" timestamp="2023-04-27T16:35:46Z" user="gbas" uid="19080331" lat="9.8885036" lon="78.0804509"/>
 <node id="10846703678" visible="true" version="1" changeset="135435646" timestamp="2023-04-27T16:35:46Z" user="gbas" uid="19080331" lat="9.8887282" lon="78.0805555"/>
 <node id="10846703679" visible="true" version="1" changeset="135435646" timestamp="2023-04-27T16:35:46Z" user="gbas" uid="19080331" lat="9.8887546" lon="78.0806413"/>
 <node id="10846703680" visible="true" version="1" changeset="135435646" timestamp="2023-04-27T16:35:46Z" user="gbas" uid="19080331" lat="9.8884904" lon="78.0813897"/>
 <node id="10846703681" visible="true" version="1" changeset="135435646" timestamp="2023-04-27T16:35:46Z" user="gbas" uid="19080331" lat="9.8884693" lon="78.0815667"/>
 <node id="10846703682" visible="true" version="1" changeset="135435646" timestamp="2023-04-27T16:35:46Z" user="gbas" uid="19080331" lat="9.8884693" lon="78.0817839"/>
 <node id="10846703683" visible="true" version="1" changeset="135435646" timestamp="2023-04-27T16:35:46Z" user="gbas" uid="19080331" lat="9.8884349" lon="78.0820575"/>
 <node id="10846703684" visible="true" version="1" changeset="135435646" timestamp="2023-04-27T16:35:46Z" user="gbas" uid="19080331" lat="9.8883583" lon="78.0824840"/>
 <node id="10846703685" visible="true" version="1" changeset="135435646" timestamp="2023-04-27T16:35:46Z" user="gbas" uid="19080331" lat="9.8885380" lon="78.0824813"/>
 <node id="10846703686" visible="true" version="1" changeset="135435646" timestamp="2023-04-27T16:35:46Z" user="gbas" uid="19080331" lat="9.8885512" lon="78.0826449"/>
 <node id="10846703687" visible="true" version="1" changeset="135435646" timestamp="2023-04-27T16:35:46Z" user="gbas" uid="19080331" lat="9.8884032" lon="78.0826530"/>
 <node id="10846703688" visible="true" version="1" changeset="135435646" timestamp="2023-04-27T16:35:46Z" user="gbas" uid="19080331" lat="9.8881680" lon="78.0833182"/>
 <node id="10846703689" visible="true" version="1" changeset="135435646" timestamp="2023-04-27T16:35:46Z" user="gbas" uid="19080331" lat="9.8883001" lon="78.0833691"/>
 <node id="10846703690" visible="true" version="1" changeset="135435646" timestamp="2023-04-27T16:35:46Z" user="gbas" uid="19080331" lat="9.8885432" lon="78.0827308"/>
 <node id="10846703691" visible="true" version="1" changeset="135435646" timestamp="2023-04-27T16:35:46Z" user="gbas" uid="19080331" lat="9.8885987" lon="78.0826798"/>
 <node id="10846703692" visible="true" version="1" changeset="135435646" timestamp="2023-04-27T16:35:46Z" user="gbas" uid="19080331" lat="9.8893782" lon="78.0829507"/>
 <node id="10846703693" visible="true" version="1" changeset="135435646" timestamp="2023-04-27T16:35:46Z" user="gbas" uid="19080331" lat="9.8893148" lon="78.0830821"/>
 <node id="10846703694" visible="true" version="1" changeset="135435646" timestamp="2023-04-27T16:35:46Z" user="gbas" uid="19080331" lat="9.8892963" lon="78.0831760"/>
 <node id="10846703695" visible="true" version="1" changeset="135435646" timestamp="2023-04-27T16:35:46Z" user="gbas" uid="19080331" lat="9.8891246" lon="78.0834925"/>
 <node id="10846703696" visible="true" version="1" changeset="135435646" timestamp="2023-04-27T16:35:46Z" user="gbas" uid="19080331" lat="9.8890479" lon="78.0836883"/>
 <node id="10846703697" visible="true" version="1" changeset="135435646" timestamp="2023-04-27T16:35:46Z" user="gbas" uid="19080331" lat="9.8890083" lon="78.0842596"/>
 <node id="10846703698" visible="true" version="1" changeset="135435646" timestamp="2023-04-27T16:35:46Z" user="gbas" uid="19080331" lat="9.8888894" lon="78.0843428"/>
 <node id="10846703699" visible="true" version="1" changeset="135435646" timestamp="2023-04-27T16:35:46Z" user="gbas" uid="19080331" lat="9.8887784" lon="78.0843830"/>
 <node id="10846703700" visible="true" version="1" changeset="135435646" timestamp="2023-04-27T16:35:46Z" user="gbas" uid="19080331" lat="9.8887361" lon="78.0845144"/>
 <node id="10846703701" visible="true" version="1" changeset="135435646" timestamp="2023-04-27T16:35:46Z" user="gbas" uid="19080331" lat="9.8883662" lon="78.0845574"/>
 <node id="10846703702" visible="true" version="1" changeset="135435646" timestamp="2023-04-27T16:35:46Z" user="gbas" uid="19080331" lat="9.8883345" lon="78.0846083"/>
 <node id="10846703703" visible="true" version="1" changeset="135435646" timestamp="2023-04-27T16:35:46Z" user="gbas" uid="19080331" lat="9.8883266" lon="78.0847478"/>
 <node id="10846703704" visible="true" version="1" changeset="135435646" timestamp="2023-04-27T16:35:46Z" user="gbas" uid="19080331" lat="9.8884058" lon="78.0850965"/>
 <node id="10846703705" visible="true" version="1" changeset="135435646" timestamp="2023-04-27T16:35:46Z" user="gbas" uid="19080331" lat="9.8884323" lon="78.0851662"/>
 <node id="10846703706" visible="true" version="1" changeset="135435646" timestamp="2023-04-27T16:35:46Z" user="gbas" uid="19080331" lat="9.8883503" lon="78.0856034"/>
 <node id="10846703707" visible="true" version="1" changeset="135435646" timestamp="2023-04-27T16:35:46Z" user="gbas" uid="19080331" lat="9.8882922" lon="78.0856732"/>
 <node id="10846703708" visible="true" version="1" changeset="135435646" timestamp="2023-04-27T16:35:46Z" user="gbas" uid="19080331" lat="9.8879831" lon="78.0855980"/>
 <node id="10846703709" visible="true" version="1" changeset="135435646" timestamp="2023-04-27T16:35:46Z" user="gbas" uid="19080331" lat="9.8879831" lon="78.0860031"/>
 <node id="10846703710" visible="true" version="1" changeset="135435646" timestamp="2023-04-27T16:35:46Z" user="gbas" uid="19080331" lat="9.8876554" lon="78.0860621"/>
 <node id="10846703711" visible="true" version="1" changeset="135435646" timestamp="2023-04-27T16:35:46Z" user="gbas" uid="19080331" lat="9.8873277" lon="78.0860540"/>
 <node id="10846703712" visible="true" version="1" changeset="135435646" timestamp="2023-04-27T16:35:46Z" user="gbas" uid="19080331" lat="9.8872564" lon="78.0863705"/>
 <node id="10846703713" visible="true" version="1" changeset="135435646" timestamp="2023-04-27T16:35:46Z" user="gbas" uid="19080331" lat="9.8863976" lon="78.0861238"/>
 <node id="10846703714" visible="true" version="1" changeset="135435646" timestamp="2023-04-27T16:35:46Z" user="gbas" uid="19080331" lat="9.8862602" lon="78.0864108"/>
 <node id="10846703715" visible="true" version="1" changeset="135435646" timestamp="2023-04-27T16:35:46Z" user="gbas" uid="19080331" lat="9.8857978" lon="78.0863383"/>
 <node id="10846703716" visible="true" version="1" changeset="135435646" timestamp="2023-04-27T16:35:46Z" user="gbas" uid="19080331" lat="9.8858242" lon="78.0861372"/>
 <node id="10846703717" visible="true" version="1" changeset="135435646" timestamp="2023-04-27T16:35:46Z" user="gbas" uid="19080331" lat="9.8854913" lon="78.0860326"/>
 <node id="10846703718" visible="true" version="1" changeset="135435646" timestamp="2023-04-27T16:35:46Z" user="gbas" uid="19080331" lat="9.8852561" lon="78.0859575"/>
 <node id="10846703719" visible="true" version="1" changeset="135435646" timestamp="2023-04-27T16:35:46Z" user="gbas" uid="19080331" lat="9.8849655" lon="78.0858609"/>
 <node id="10846703720" visible="true" version="1" changeset="135435646" timestamp="2023-04-27T16:35:46Z" user="gbas" uid="19080331" lat="9.8849496" lon="78.0862311"/>
 <node id="10846703721" visible="true" version="1" changeset="135435646" timestamp="2023-04-27T16:35:46Z" user="gbas" uid="19080331" lat="9.8848624" lon="78.0866092"/>
 <node id="10846703722" visible="true" version="1" changeset="135435646" timestamp="2023-04-27T16:35:46Z" user="gbas" uid="19080331" lat="9.8847646" lon="78.0866119"/>
 <node id="10846703723" visible="true" version="1" changeset="135435646" timestamp="2023-04-27T16:35:46Z" user="gbas" uid="19080331" lat="9.8845004" lon="78.0870706"/>
 <node id="10846703724" visible="true" version="1" changeset="135435646" timestamp="2023-04-27T16:35:46Z" user="gbas" uid="19080331" lat="9.8831475" lon="78.0866656"/>
 <node id="10846703725" visible="true" version="1" changeset="135435646" timestamp="2023-04-27T16:35:46Z" user="gbas" uid="19080331" lat="9.8835861" lon="78.0859977"/>
 <node id="10846703726" visible="true" version="1" changeset="135435646" timestamp="2023-04-27T16:35:46Z" user="gbas" uid="19080331" lat="9.8839032" lon="78.0861452"/>
 <node id="10846703727" visible="true" version="1" changeset="135435646" timestamp="2023-04-27T16:35:46Z" user="gbas" uid="19080331" lat="9.8839878" lon="78.0859628"/>
 <node id="10846703728" visible="true" version="1" changeset="135435646" timestamp="2023-04-27T16:35:46Z" user="gbas" uid="19080331" lat="9.8843498" lon="78.0860084"/>
 <node id="10846703729" visible="true" version="1" changeset="135435646" timestamp="2023-04-27T16:35:46Z" user="gbas" uid="19080331" lat="9.8843736" lon="78.0858126"/>
 <node id="10846703730" visible="true" version="1" changeset="135435646" timestamp="2023-04-27T16:35:46Z" user="gbas" uid="19080331" lat="9.8839983" lon="78.0855846"/>
 <node id="10846703731" visible="true" version="1" changeset="135435646" timestamp="2023-04-27T16:35:46Z" user="gbas" uid="19080331" lat="9.8837526" lon="78.0854157"/>
 <node id="10846703732" visible="true" version="1" changeset="135435646" timestamp="2023-04-27T16:35:46Z" user="gbas" uid="19080331" lat="9.8839059" lon="78.0848980"/>
 <node id="10846703733" visible="true" version="1" changeset="135435646" timestamp="2023-04-27T16:35:46Z" user="gbas" uid="19080331" lat="9.8841807" lon="78.0844849"/>
 <node id="10846703734" visible="true" version="1" changeset="135435646" timestamp="2023-04-27T16:35:46Z" user="gbas" uid="19080331" lat="9.8839217" lon="78.0843937"/>
 <node id="10846703735" visible="true" version="1" changeset="135435646" timestamp="2023-04-27T16:35:46Z" user="gbas" uid="19080331" lat="9.8839296" lon="78.0842274"/>
 <node id="10846703736" visible="true" version="1" changeset="135435646" timestamp="2023-04-27T16:35:46Z" user="gbas" uid="19080331" lat="9.8837658" lon="78.0841684"/>
 <node id="10846703737" visible="true" version="1" changeset="135435646" timestamp="2023-04-27T16:35:46Z" user="gbas" uid="19080331" lat="9.8839323" lon="78.0838063"/>
 <node id="10846703738" visible="true" version="1" changeset="135435646" timestamp="2023-04-27T16:35:46Z" user="gbas" uid="19080331" lat="9.8834382" lon="78.0835327"/>
 <node id="10846703739" visible="true" version="1" changeset="135435646" timestamp="2023-04-27T16:35:46Z" user="gbas" uid="19080331" lat="9.8834884" lon="78.0834416"/>
 <node id="10846703740" visible="true" version="1" changeset="135435646" timestamp="2023-04-27T16:35:46Z" user="gbas" uid="19080331" lat="9.8838636" lon="78.0835891"/>
 <node id="10846703741" visible="true" version="1" changeset="135435646" timestamp="2023-04-27T16:35:46Z" user="gbas" uid="19080331" lat="9.8840168" lon="78.0832592"/>
 <node id="10846703742" visible="true" version="1" changeset="135435646" timestamp="2023-04-27T16:35:46Z" user="gbas" uid="19080331" lat="9.8842837" lon="78.0833423"/>
 <node id="10846703743" visible="true" version="1" changeset="135435646" timestamp="2023-04-27T16:35:46Z" user="gbas" uid="19080331" lat="9.8844291" lon="78.0830526"/>
 <node id="10846703744" visible="true" version="1" changeset="135435646" timestamp="2023-04-27T16:35:46Z" user="gbas" uid="19080331" lat="9.8839587" lon="78.0828327"/>
 <node id="10846703745" visible="true" version="1" changeset="135435646" timestamp="2023-04-27T16:35:46Z" user="gbas" uid="19080331" lat="9.8839640" lon="78.0827925"/>
 <node id="10846703746" visible="true" version="1" changeset="135435646" timestamp="2023-04-27T16:35:46Z" user="gbas" uid="19080331" lat="9.8842916" lon="78.0824143"/>
 <node id="10846703747" visible="true" version="1" changeset="135435646" timestamp="2023-04-27T16:35:46Z" user="gbas" uid="19080331" lat="9.8844898" lon="78.0821809"/>
 <node id="10846703748" visible="true" version="1" changeset="135435646" timestamp="2023-04-27T16:35:46Z" user="gbas" uid="19080331" lat="9.8848096" lon="78.0821809"/>
 <node id="10846703749" visible="true" version="1" changeset="135435646" timestamp="2023-04-27T16:35:46Z" user="gbas" uid="19080331" lat="9.8851795" lon="78.0821729"/>
 <node id="10846703750" visible="true" version="1" changeset="135435646" timestamp="2023-04-27T16:35:46Z" user="gbas" uid="19080331" lat="9.8858137" lon="78.0825108"/>
 <node id="10846703751" visible="true" version="1" changeset="135435646" timestamp="2023-04-27T16:35:46Z" user="gbas" uid="19080331" lat="9.8861492" lon="78.0821890"/>
 <node id="10846703752" visible="true" version="1" changeset="135435646" timestamp="2023-04-27T16:35:46Z" user="gbas" uid="19080331" lat="9.8864346" lon="78.0818537"/>
 <node id="10846703753" visible="true" version="1" changeset="135435646" timestamp="2023-04-27T16:35:46Z" user="gbas" uid="19080331" lat="9.8866169" lon="78.0815667"/>
 <node id="10846703754" visible="true" version="1" changeset="135435646" timestamp="2023-04-27T16:35:46Z" user="gbas" uid="19080331" lat="9.8864452" lon="78.0814674"/>
 <node id="10846703755" visible="true" version="1" changeset="135435646" timestamp="2023-04-27T16:35:46Z" user="gbas" uid="19080331" lat="9.8862867" lon="78.0816498"/>
 <node id="10846703756" visible="true" version="1" changeset="135435646" timestamp="2023-04-27T16:35:46Z" user="gbas" uid="19080331" lat="9.8857767" lon="78.0811858"/>
 <node id="10846703757" visible="true" version="1" changeset="135435646" timestamp="2023-04-27T16:35:46Z" user="gbas" uid="19080331" lat="9.8859061" lon="78.0810276"/>
 <node id="10846703758" visible="true" version="1" changeset="135435646" timestamp="2023-04-27T16:35:46Z" user="gbas" uid="19080331" lat="9.8859484" lon="78.0809900"/>
 <node id="10846703759" visible="true" version="1" changeset="135435646" timestamp="2023-04-27T16:35:46Z" user="gbas" uid="19080331" lat="9.8860515" lon="78.0805957"/>
 <node id="10846703760" visible="true" version="1" changeset="135435646" timestamp="2023-04-27T16:35:46Z" user="gbas" uid="19080331" lat="9.8860964" lon="78.0804455"/>
 <node id="10846703761" visible="true" version="1" changeset="135435646" timestamp="2023-04-27T16:35:46Z" user="gbas" uid="19080331" lat="9.8861572" lon="78.0803141"/>
 <node id="10846703762" visible="true" version="1" changeset="135435646" timestamp="2023-04-27T16:35:46Z" user="gbas" uid="19080331" lat="9.8862180" lon="78.0802470"/>
 <node id="10846703763" visible="true" version="1" changeset="135435646" timestamp="2023-04-27T16:35:46Z" user="gbas" uid="19080331" lat="9.8866434" lon="78.0801290"/>
 <node id="10846703764" visible="true" version="1" changeset="135435646" timestamp="2023-04-27T16:35:46Z" user="gbas" uid="19080331" lat="9.8867834" lon="78.0801049"/>
 <node id="10846703765" visible="true" version="1" changeset="135435646" timestamp="2023-04-27T16:35:46Z" user="gbas" uid="19080331" lat="9.8868944" lon="78.0801102"/>
 <node id="10846703766" visible="true" version="1" changeset="135435646" timestamp="2023-04-27T16:35:46Z" user="gbas" uid="19080331" lat="9.8869578" lon="78.0801371"/>
 <node id="10846703767" visible="true" version="1" changeset="135435646" timestamp="2023-04-27T16:35:46Z" user="gbas" uid="19080331" lat="9.8869922" lon="78.0802578"/>
 <node id="10846703768" visible="true" version="1" changeset="135435646" timestamp="2023-04-27T16:35:46Z" user="gbas" uid="19080331" lat="9.8872036" lon="78.0797669"/>
 <node id="10846703769" visible="true" version="1" changeset="135435646" timestamp="2023-04-27T16:35:46Z" user="gbas" uid="19080331" lat="9.8864003" lon="78.0794799"/>
 <node id="10846703770" visible="true" version="1" changeset="135435646" timestamp="2023-04-27T16:35:46Z" user="gbas" uid="19080331" lat="9.8865350" lon="78.0790642"/>
 <node id="10846703771" visible="true" version="1" changeset="135435646" timestamp="2023-04-27T16:35:46Z" user="gbas" uid="19080331" lat="9.8864214" lon="78.0789864"/>
 <node id="10846703772" visible="true" version="1" changeset="135435646" timestamp="2023-04-27T16:35:46Z" user="gbas" uid="19080331" lat="9.8866751" lon="78.0786082"/>
 <node id="10846703773" visible="true" version="1" changeset="135435646" timestamp="2023-04-27T16:35:46Z" user="gbas" uid="19080331" lat="9.8868019" lon="78.0782971"/>
 <node id="10846703774" visible="true" version="1" changeset="135435646" timestamp="2023-04-27T16:35:46Z" user="gbas" uid="19080331" lat="9.8868363" lon="78.0782300"/>
 <node id="10846703775" visible="true" version="1" changeset="135435646" timestamp="2023-04-27T16:35:46Z" user="gbas" uid="19080331" lat="9.8869050" lon="78.0781710"/>
 <node id="10846703776" visible="true" version="1" changeset="135435646" timestamp="2023-04-27T16:35:46Z" user="gbas" uid="19080331" lat="9.8869657" lon="78.0782622"/>
 <node id="10846703777" visible="true" version="1" changeset="135435646" timestamp="2023-04-27T16:35:46Z" user="gbas" uid="19080331" lat="9.8870450" lon="78.0783775"/>
 <node id="10846703778" visible="true" version="1" changeset="135435646" timestamp="2023-04-27T16:35:46Z" user="gbas" uid="19080331" lat="9.8871745" lon="78.0785680"/>
 <node id="10846703779" visible="true" version="1" changeset="135435646" timestamp="2023-04-27T16:35:46Z" user="gbas" uid="19080331" lat="9.8872723" lon="78.0787745"/>
 <node id="10846703780" visible="true" version="1" changeset="135435646" timestamp="2023-04-27T16:35:46Z" user="gbas" uid="19080331" lat="9.8873912" lon="78.0791473"/>
 <node id="10846703781" visible="true" version="1" changeset="135435646" timestamp="2023-04-27T16:35:46Z" user="gbas" uid="19080331" lat="9.8874070" lon="78.0791742"/>
 <node id="10846703782" visible="true" version="1" changeset="135435646" timestamp="2023-04-27T16:35:46Z" user="gbas" uid="19080331" lat="9.8875682" lon="78.0792010"/>
 <node id="10846703783" visible="true" version="1" changeset="135435646" timestamp="2023-04-27T16:35:46Z" user="gbas" uid="19080331" lat="9.8875101" lon="78.0795497"/>
 <node id="10846703784" visible="true" version="1" changeset="135435646" timestamp="2023-04-27T16:35:46Z" user="gbas" uid="19080331" lat="9.8873515" lon="78.0799547"/>
 <node id="10846703785" visible="true" version="1" changeset="135435646" timestamp="2023-04-27T16:35:46Z" user="gbas" uid="19080331" lat="9.8875127" lon="78.0800164"/>
 <node id="10846703786" visible="true" version="1" changeset="135435646" timestamp="2023-04-27T16:35:46Z" user="gbas" uid="19080331" lat="9.8876871" lon="78.0796677"/>
 <node id="10846703787" visible="true" version="1" changeset="135435646" timestamp="2023-04-27T16:35:46Z" user="gbas" uid="19080331" lat="9.8878007" lon="78.0797267"/>
 <node id="10846703788" visible="true" version="1" changeset="135435646" timestamp="2023-04-27T16:35:46Z" user="gbas" uid="19080331" lat="9.8879566" lon="78.0794424"/>
 <node id="10846703789" visible="true" version="1" changeset="135435646" timestamp="2023-04-27T16:35:46Z" user="gbas" uid="19080331" lat="9.8881178" lon="78.0792305"/>
 <node id="10846703790" visible="true" version="1" changeset="135435646" timestamp="2023-04-27T16:35:46Z" user="gbas" uid="19080331" lat="9.8885802" lon="78.0794692"/>
 <node id="10846704082" visible="true" version="1" changeset="135435646" timestamp="2023-04-27T16:35:46Z" user="gbas" uid="19080331" lat="9.8864558" lon="78.0951333"/>
 <node id="10846704083" visible="true" version="1" changeset="135435646" timestamp="2023-04-27T16:35:46Z" user="gbas" uid="19080331" lat="9.8863078" lon="78.0946720"/>
 <node id="10846704086" visible="true" version="1" changeset="135435646" timestamp="2023-04-27T16:35:46Z" user="gbas" uid="19080331" lat="9.8865932" lon="78.0936527"/>
 <node id="10846704087" visible="true" version="1" changeset="135435646" timestamp="2023-04-27T16:35:46Z" user="gbas" uid="19080331" lat="9.8866830" lon="78.0934757"/>
 <node id="10846704088" visible="true" version="1" changeset="135435646" timestamp="2023-04-27T16:35:46Z" user="gbas" uid="19080331" lat="9.8870371" lon="78.0930358"/>
 <node id="10846704089" visible="true" version="1" changeset="135435646" timestamp="2023-04-27T16:35:46Z" user="gbas" uid="19080331" lat="9.8867042" lon="78.0929875"/>
 <node id="10846704090" visible="true" version="1" changeset="135435646" timestamp="2023-04-27T16:35:46Z" user="gbas" uid="19080331" lat="9.8866619" lon="78.0924833"/>
 <node id="10846704091" visible="true" version="1" changeset="135435646" timestamp="2023-04-27T16:35:46Z" user="gbas" uid="19080331" lat="9.8871111" lon="78.0923653"/>
 <node id="10846704092" visible="true" version="1" changeset="135435646" timestamp="2023-04-27T16:35:46Z" user="gbas" uid="19080331" lat="9.8870952" lon="78.0920970"/>
 <node id="10846704093" visible="true" version="1" changeset="135435646" timestamp="2023-04-27T16:35:46Z" user="gbas" uid="19080331" lat="9.8874334" lon="78.0920112"/>
 <node id="10846704094" visible="true" version="1" changeset="135435646" timestamp="2023-04-27T16:35:46Z" user="gbas" uid="19080331" lat="9.8874916" lon="78.0916035"/>
 <node id="10846704095" visible="true" version="1" changeset="135435646" timestamp="2023-04-27T16:35:46Z" user="gbas" uid="19080331" lat="9.8870160" lon="78.0914211"/>
 <node id="10846704096" visible="true" version="1" changeset="135435646" timestamp="2023-04-27T16:35:46Z" user="gbas" uid="19080331" lat="9.8870107" lon="78.0913299"/>
 <node id="10846704097" visible="true" version="1" changeset="135435646" timestamp="2023-04-27T16:35:46Z" user="gbas" uid="19080331" lat="9.8870054" lon="78.0911797"/>
 <node id="10846704098" visible="true" version="1" changeset="135435646" timestamp="2023-04-27T16:35:46Z" user="gbas" uid="19080331" lat="9.8869842" lon="78.0910617"/>
 <node id="10846704099" visible="true" version="1" changeset="135435646" timestamp="2023-04-27T16:35:46Z" user="gbas" uid="19080331" lat="9.8869155" lon="78.0909651"/>
 <node id="10846704100" visible="true" version="1" changeset="135435646" timestamp="2023-04-27T16:35:46Z" user="gbas" uid="19080331" lat="9.8869155" lon="78.0908954"/>
 <node id="10846704101" visible="true" version="1" changeset="135435646" timestamp="2023-04-27T16:35:46Z" user="gbas" uid="19080331" lat="9.8870160" lon="78.0907398"/>
 <node id="10846704102" visible="true" version="1" changeset="135435646" timestamp="2023-04-27T16:35:46Z" user="gbas" uid="19080331" lat="9.8871956" lon="78.0906326"/>
 <node id="10846704103" visible="true" version="1" changeset="135435646" timestamp="2023-04-27T16:35:46Z" user="gbas" uid="19080331" lat="9.8873542" lon="78.0906004"/>
 <node id="10853223969" visible="true" version="1" changeset="135479409" timestamp="2023-04-28T17:55:34Z" user="gbas" uid="19080331" lat="9.8820811" lon="78.0842596"/>
 <node id="10853223970" visible="true" version="1" changeset="135479409" timestamp="2023-04-28T17:55:34Z" user="gbas" uid="19080331" lat="9.8821830" lon="78.0841912"/>
 <node id="10853223971" visible="true" version="1" changeset="135479409" timestamp="2023-04-28T17:55:34Z" user="gbas" uid="19080331" lat="9.8827564" lon="78.0841094"/>
 <node id="10853223972" visible="true" version="1" changeset="135479409" timestamp="2023-04-28T17:55:34Z" user="gbas" uid="19080331" lat="9.8828832" lon="78.0840906"/>
 <node id="10853223973" visible="true" version="1" changeset="135479409" timestamp="2023-04-28T17:55:34Z" user="gbas" uid="19080331" lat="9.8830180" lon="78.0840424"/>
 <node id="10853223974" visible="true" version="1" changeset="135479409" timestamp="2023-04-28T17:55:34Z" user="gbas" uid="19080331" lat="9.8831541" lon="78.0839297"/>
 <node id="10853223975" visible="true" version="1" changeset="135479409" timestamp="2023-04-28T17:55:34Z" user="gbas" uid="19080331" lat="9.8878923" lon="78.0860194"/>
 <node id="10853223976" visible="true" version="1" changeset="135479409" timestamp="2023-04-28T17:55:34Z" user="gbas" uid="19080331" lat="9.8880121" lon="78.0860192"/>
 <node id="10853223977" visible="true" version="1" changeset="135479409" timestamp="2023-04-28T17:55:34Z" user="gbas" uid="19080331" lat="9.8880148" lon="78.0860862"/>
 <node id="10853223978" visible="true" version="1" changeset="135479409" timestamp="2023-04-28T17:55:34Z" user="gbas" uid="19080331" lat="9.8879566" lon="78.0862015"/>
 <node id="10853223979" visible="true" version="1" changeset="135479409" timestamp="2023-04-28T17:55:34Z" user="gbas" uid="19080331" lat="9.8878747" lon="78.0863598"/>
 <node id="10853223980" visible="true" version="1" changeset="135479409" timestamp="2023-04-28T17:55:34Z" user="gbas" uid="19080331" lat="9.8878245" lon="78.0864215"/>
 <node id="10853223981" visible="true" version="1" changeset="135479409" timestamp="2023-04-28T17:55:34Z" user="gbas" uid="19080331" lat="9.8878060" lon="78.0865449"/>
 <node id="10853223982" visible="true" version="1" changeset="135479409" timestamp="2023-04-28T17:55:34Z" user="gbas" uid="19080331" lat="9.8878139" lon="78.0866629"/>
 <node id="10853223983" visible="true" version="1" changeset="135479409" timestamp="2023-04-28T17:55:34Z" user="gbas" uid="19080331" lat="9.8878166" lon="78.0868292"/>
 <node id="10853223984" visible="true" version="1" changeset="135479409" timestamp="2023-04-28T17:55:34Z" user="gbas" uid="19080331" lat="9.8878589" lon="78.0869740"/>
 <node id="10853223985" visible="true" version="1" changeset="135479409" timestamp="2023-04-28T17:55:34Z" user="gbas" uid="19080331" lat="9.8878430" lon="78.0871135"/>
 <node id="10853223986" visible="true" version="1" changeset="135479409" timestamp="2023-04-28T17:55:34Z" user="gbas" uid="19080331" lat="9.8877558" lon="78.0872047"/>
 <node id="10853223987" visible="true" version="1" changeset="135479409" timestamp="2023-04-28T17:55:34Z" user="gbas" uid="19080331" lat="9.8877003" lon="78.0872717"/>
 <node id="10853223988" visible="true" version="1" changeset="135479409" timestamp="2023-04-28T17:55:34Z" user="gbas" uid="19080331" lat="9.8877056" lon="78.0873603"/>
 <node id="10853223989" visible="true" version="1" changeset="135479409" timestamp="2023-04-28T17:55:34Z" user="gbas" uid="19080331" lat="9.8877241" lon="78.0874702"/>
 <node id="10853223990" visible="true" version="1" changeset="135479409" timestamp="2023-04-28T17:55:34Z" user="gbas" uid="19080331" lat="9.8876501" lon="78.0876097"/>
 <node id="10853223991" visible="true" version="1" changeset="135479409" timestamp="2023-04-28T17:55:34Z" user="gbas" uid="19080331" lat="9.8876739" lon="78.0877009"/>
 <node id="10853223992" visible="true" version="1" changeset="135479409" timestamp="2023-04-28T17:55:34Z" user="gbas" uid="19080331" lat="9.8877400" lon="78.0877680"/>
 <node id="10853223993" visible="true" version="1" changeset="135479409" timestamp="2023-04-28T17:55:34Z" user="gbas" uid="19080331" lat="9.8877320" lon="78.0879101"/>
 <node id="10853223994" visible="true" version="1" changeset="135479409" timestamp="2023-04-28T17:55:34Z" user="gbas" uid="19080331" lat="9.8876528" lon="78.0881569"/>
 <node id="10853223995" visible="true" version="1" changeset="135479409" timestamp="2023-04-28T17:55:34Z" user="gbas" uid="19080331" lat="9.8875973" lon="78.0883312"/>
 <node id="10853223996" visible="true" version="1" changeset="135479409" timestamp="2023-04-28T17:55:34Z" user="gbas" uid="19080331" lat="9.8876211" lon="78.0884546"/>
 <node id="10853223997" visible="true" version="1" changeset="135479409" timestamp="2023-04-28T17:55:34Z" user="gbas" uid="19080331" lat="9.8876263" lon="78.0885565"/>
 <node id="10853223998" visible="true" version="1" changeset="135479409" timestamp="2023-04-28T17:55:34Z" user="gbas" uid="19080331" lat="9.8876131" lon="78.0886692"/>
 <node id="10853223999" visible="true" version="1" changeset="135479409" timestamp="2023-04-28T17:55:34Z" user="gbas" uid="19080331" lat="9.8875920" lon="78.0887550"/>
 <node id="10853224000" visible="true" version="1" changeset="135479409" timestamp="2023-04-28T17:55:34Z" user="gbas" uid="19080331" lat="9.8875920" lon="78.0889133"/>
 <node id="10853224001" visible="true" version="1" changeset="135479409" timestamp="2023-04-28T17:55:34Z" user="gbas" uid="19080331" lat="9.8876237" lon="78.0890608"/>
 <node id="10853224002" visible="true" version="1" changeset="135479409" timestamp="2023-04-28T17:55:34Z" user="gbas" uid="19080331" lat="9.8876237" lon="78.0891332"/>
 <node id="10853224003" visible="true" version="1" changeset="135479409" timestamp="2023-04-28T17:55:34Z" user="gbas" uid="19080331" lat="9.8876316" lon="78.0892217"/>
 <node id="10853224004" visible="true" version="1" changeset="135479409" timestamp="2023-04-28T17:55:34Z" user="gbas" uid="19080331" lat="9.8876422" lon="78.0893236"/>
 <node id="10853234005" visible="true" version="1" changeset="135479409" timestamp="2023-04-28T17:55:34Z" user="gbas" uid="19080331" lat="9.8875946" lon="78.0893531"/>
 <node id="10853234006" visible="true" version="1" changeset="135479409" timestamp="2023-04-28T17:55:34Z" user="gbas" uid="19080331" lat="9.8875391" lon="78.0893773"/>
 <node id="10853234007" visible="true" version="1" changeset="135479409" timestamp="2023-04-28T17:55:34Z" user="gbas" uid="19080331" lat="9.8875074" lon="78.0894068"/>
 <node id="10853234008" visible="true" version="1" changeset="135479409" timestamp="2023-04-28T17:55:34Z" user="gbas" uid="19080331" lat="9.8874969" lon="78.0895784"/>
 <node id="10853234009" visible="true" version="1" changeset="135479409" timestamp="2023-04-28T17:55:34Z" user="gbas" uid="19080331" lat="9.8874599" lon="78.0898896"/>
 <node id="10853234010" visible="true" version="1" changeset="135479409" timestamp="2023-04-28T17:55:34Z" user="gbas" uid="19080331" lat="9.8874519" lon="78.0900773"/>
 <node id="10853234011" visible="true" version="1" changeset="135479409" timestamp="2023-04-28T17:55:34Z" user="gbas" uid="19080331" lat="9.8874546" lon="78.0902302"/>
 <node id="10853234012" visible="true" version="1" changeset="135479409" timestamp="2023-04-28T17:55:34Z" user="gbas" uid="19080331" lat="9.8874625" lon="78.0903697"/>
 <node id="10853234013" visible="true" version="1" changeset="135479409" timestamp="2023-04-28T17:55:34Z" user="gbas" uid="19080331" lat="9.8864092" lon="78.0949881"/>
 <node id="10853234014" visible="true" version="1" changeset="135479409" timestamp="2023-04-28T17:55:34Z" user="gbas" uid="19080331" lat="9.8864558" lon="78.0952272"/>
 <node id="10853234015" visible="true" version="1" changeset="135479409" timestamp="2023-04-28T17:55:34Z" user="gbas" uid="19080331" lat="9.8864003" lon="78.0953854"/>
 <node id="10853234016" visible="true" version="1" changeset="135479409" timestamp="2023-04-28T17:55:34Z" user="gbas" uid="19080331" lat="9.8863818" lon="78.0955437"/>
 <node id="10853234017" visible="true" version="1" changeset="135479409" timestamp="2023-04-28T17:55:34Z" user="gbas" uid="19080331" lat="9.8864610" lon="78.0959272"/>
 <node id="10853234018" visible="true" version="1" changeset="135479409" timestamp="2023-04-28T17:55:34Z" user="gbas" uid="19080331" lat="9.8860462" lon="78.0961123"/>
 <node id="10853234019" visible="true" version="1" changeset="135479409" timestamp="2023-04-28T17:55:34Z" user="gbas" uid="19080331" lat="9.8844158" lon="78.0966461"/>
 <node id="10853234020" visible="true" version="1" changeset="135479409" timestamp="2023-04-28T17:55:34Z" user="gbas" uid="19080331" lat="9.8845717" lon="78.0950984"/>
 <node id="10853234021" visible="true" version="1" changeset="135479409" timestamp="2023-04-28T17:55:34Z" user="gbas" uid="19080331" lat="9.8846457" lon="78.0946103"/>
 <node id="10853234022" visible="true" version="1" changeset="135479409" timestamp="2023-04-28T17:55:34Z" user="gbas" uid="19080331" lat="9.8844449" lon="78.0945754"/>
 <node id="10853234023" visible="true" version="1" changeset="135479409" timestamp="2023-04-28T17:55:34Z" user="gbas" uid="19080331" lat="9.8843551" lon="78.0950019"/>
 <node id="10853234024" visible="true" version="1" changeset="135479409" timestamp="2023-04-28T17:55:34Z" user="gbas" uid="19080331" lat="9.8839640" lon="78.0950877"/>
 <node id="10853234025" visible="true" version="1" changeset="135479409" timestamp="2023-04-28T17:55:34Z" user="gbas" uid="19080331" lat="9.8835121" lon="78.0950046"/>
 <node id="10853234026" visible="true" version="1" changeset="135479409" timestamp="2023-04-28T17:55:34Z" user="gbas" uid="19080331" lat="9.8834540" lon="78.0950582"/>
 <node id="10853234027" visible="true" version="1" changeset="135479409" timestamp="2023-04-28T17:55:34Z" user="gbas" uid="19080331" lat="9.8834170" lon="78.0951145"/>
 <node id="10853234028" visible="true" version="1" changeset="135479409" timestamp="2023-04-28T17:55:34Z" user="gbas" uid="19080331" lat="9.8833774" lon="78.0954552"/>
 <node id="10853234029" visible="true" version="1" changeset="135479409" timestamp="2023-04-28T17:55:34Z" user="gbas" uid="19080331" lat="9.8834197" lon="78.0961686"/>
 <node id="10853234030" visible="true" version="1" changeset="135479409" timestamp="2023-04-28T17:55:34Z" user="gbas" uid="19080331" lat="9.8833457" lon="78.0971262"/>
 <node id="10853234031" visible="true" version="1" changeset="135479409" timestamp="2023-04-28T17:55:34Z" user="gbas" uid="19080331" lat="9.8813192" lon="78.0965088"/>
 <node id="10853234032" visible="true" version="1" changeset="135479409" timestamp="2023-04-28T17:55:34Z" user="gbas" uid="19080331" lat="9.8811971" lon="78.0964455"/>
 <node id="10853234033" visible="true" version="1" changeset="135479409" timestamp="2023-04-28T17:55:34Z" user="gbas" uid="19080331" lat="9.8813004" lon="78.0955437"/>
 <node id="10853234034" visible="true" version="1" changeset="135479409" timestamp="2023-04-28T17:55:34Z" user="gbas" uid="19080331" lat="9.8813903" lon="78.0950689"/>
 <node id="10853234035" visible="true" version="1" changeset="135479409" timestamp="2023-04-28T17:55:34Z" user="gbas" uid="19080331" lat="9.8818210" lon="78.0952111"/>
 <node id="10853234036" visible="true" version="1" changeset="135479409" timestamp="2023-04-28T17:55:34Z" user="gbas" uid="19080331" lat="9.8818554" lon="78.0948383"/>
 <node id="10853234037" visible="true" version="1" changeset="135479409" timestamp="2023-04-28T17:55:34Z" user="gbas" uid="19080331" lat="9.8806372" lon="78.0945942"/>
 <node id="10853234038" visible="true" version="1" changeset="135479409" timestamp="2023-04-28T17:55:34Z" user="gbas" uid="19080331" lat="9.8807693" lon="78.0941328"/>
 <node id="10853234039" visible="true" version="1" changeset="135479409" timestamp="2023-04-28T17:55:34Z" user="gbas" uid="19080331" lat="9.8818950" lon="78.0945137"/>
 <node id="10853234040" visible="true" version="1" changeset="135479409" timestamp="2023-04-28T17:55:34Z" user="gbas" uid="19080331" lat="9.8809646" lon="78.0925710"/>
 <node id="10853234041" visible="true" version="1" changeset="135479409" timestamp="2023-04-28T17:55:34Z" user="gbas" uid="19080331" lat="9.8808327" lon="78.0921721"/>
 <node id="10853234042" visible="true" version="1" changeset="135479409" timestamp="2023-04-28T17:55:34Z" user="gbas" uid="19080331" lat="9.8813401" lon="78.0921292"/>
 <node id="10853234043" visible="true" version="1" changeset="135479409" timestamp="2023-04-28T17:55:34Z" user="gbas" uid="19080331" lat="9.8813348" lon="78.0914077"/>
 <node id="10853234044" visible="true" version="1" changeset="135479409" timestamp="2023-04-28T17:55:34Z" user="gbas" uid="19080331" lat="9.8817276" lon="78.0888765"/>
 <node id="10853234045" visible="true" version="1" changeset="135479409" timestamp="2023-04-28T17:55:34Z" user="gbas" uid="19080331" lat="9.8814828" lon="78.0881381"/>
 <node id="10853234046" visible="true" version="1" changeset="135479409" timestamp="2023-04-28T17:55:34Z" user="gbas" uid="19080331" lat="9.8796828" lon="78.0871961"/>
 <node id="10853234047" visible="true" version="1" changeset="135479409" timestamp="2023-04-28T17:55:34Z" user="gbas" uid="19080331" lat="9.8797758" lon="78.0858555"/>
 <node id="10853234048" visible="true" version="1" changeset="135479409" timestamp="2023-04-28T17:55:34Z" user="gbas" uid="19080331" lat="9.8800189" lon="78.0851904"/>
 <node id="10853234066" visible="true" version="1" changeset="135479409" timestamp="2023-04-28T17:55:34Z" user="gbas" uid="19080331" lat="9.8805738" lon="78.0878726"/>
 <node id="10853234067" visible="true" version="1" changeset="135479409" timestamp="2023-04-28T17:55:34Z" user="gbas" uid="19080331" lat="9.8807244" lon="78.0879343"/>
 <node id="10853234073" visible="true" version="1" changeset="135479409" timestamp="2023-04-28T17:55:34Z" user="gbas" uid="19080331" lat="9.8816810" lon="78.0886719"/>
 <node id="10853234074" visible="true" version="1" changeset="135479409" timestamp="2023-04-28T17:55:34Z" user="gbas" uid="19080331" lat="9.8817074" lon="78.0887389"/>
 <node id="10853234075" visible="true" version="1" changeset="135479409" timestamp="2023-04-28T17:55:34Z" user="gbas" uid="19080331" lat="9.8818131" lon="78.0894577"/>
 <node id="10853234076" visible="true" version="1" changeset="135479409" timestamp="2023-04-28T17:55:34Z" user="gbas" uid="19080331" lat="9.8817470" lon="78.0898681"/>
 <node id="10853234077" visible="true" version="1" changeset="135479409" timestamp="2023-04-28T17:55:34Z" user="gbas" uid="19080331" lat="9.8816889" lon="78.0901417"/>
 <node id="10853234078" visible="true" version="1" changeset="135479409" timestamp="2023-04-28T17:55:34Z" user="gbas" uid="19080331" lat="9.8813797" lon="78.0912200"/>
 <node id="10853234104" visible="true" version="1" changeset="135479409" timestamp="2023-04-28T17:55:34Z" user="gbas" uid="19080331" lat="9.8795829" lon="78.0871752"/>
 <node id="10853234105" visible="true" version="1" changeset="135479409" timestamp="2023-04-28T17:55:34Z" user="gbas" uid="19080331" lat="9.8805579" lon="78.0873790"/>
 <node id="10853234106" visible="true" version="1" changeset="135479409" timestamp="2023-04-28T17:55:34Z" user="gbas" uid="19080331" lat="9.8797652" lon="78.0860943"/>
 <node id="10853234107" visible="true" version="1" changeset="135479409" timestamp="2023-04-28T17:55:34Z" user="gbas" uid="19080331" lat="9.8797071" lon="78.0865636"/>
 <node id="10853234108" visible="true" version="1" changeset="135479409" timestamp="2023-04-28T17:55:34Z" user="gbas" uid="19080331" lat="9.8796040" lon="78.0868024"/>
 <node id="10853234109" visible="true" version="1" changeset="135479409" timestamp="2023-04-28T17:55:34Z" user="gbas" uid="19080331" lat="9.8795512" lon="78.0869499"/>
 <node id="10853234116" visible="true" version="1" changeset="135479409" timestamp="2023-04-28T17:55:34Z" user="gbas" uid="19080331" lat="9.8801333" lon="78.0840628"/>
 <node id="10853234117" visible="true" version="1" changeset="135479409" timestamp="2023-04-28T17:55:34Z" user="gbas" uid="19080331" lat="9.8802490" lon="78.0840746"/>
 <node id="10853234127" visible="true" version="1" changeset="135479409" timestamp="2023-04-28T17:55:34Z" user="gbas" uid="19080331" lat="9.8819690" lon="78.0841751"/>
 <node id="10853234128" visible="true" version="1" changeset="135479409" timestamp="2023-04-28T17:55:34Z" user="gbas" uid="19080331" lat="9.8817444" lon="78.0840571"/>
 <node id="10853234129" visible="true" version="1" changeset="135479409" timestamp="2023-04-28T17:55:34Z" user="gbas" uid="19080331" lat="9.8812489" lon="78.0838975"/>
 <node id="10853234130" visible="true" version="1" changeset="135479409" timestamp="2023-04-28T17:55:34Z" user="gbas" uid="19080331" lat="9.8812040" lon="78.0838935"/>
 <node id="10853234131" visible="true" version="1" changeset="135479409" timestamp="2023-04-28T17:55:34Z" user="gbas" uid="19080331" lat="9.8805196" lon="78.0843025"/>
 <node id="10853234132" visible="true" version="1" changeset="135479409" timestamp="2023-04-28T17:55:34Z" user="gbas" uid="19080331" lat="9.8804535" lon="78.0843656"/>
 <node id="10853234133" visible="true" version="1" changeset="135479409" timestamp="2023-04-28T17:55:34Z" user="gbas" uid="19080331" lat="9.8803426" lon="78.0845211"/>
 <node id="10853234134" visible="true" version="1" changeset="135479409" timestamp="2023-04-28T17:55:34Z" user="gbas" uid="19080331" lat="9.8801550" lon="78.0847679"/>
 <node id="10853234135" visible="true" version="1" changeset="135479409" timestamp="2023-04-28T17:55:34Z" user="gbas" uid="19080331" lat="9.8810336" lon="78.0851059"/>
 <node id="10853234136" visible="true" version="1" changeset="135479409" timestamp="2023-04-28T17:55:34Z" user="gbas" uid="19080331" lat="9.8809688" lon="78.0853218"/>
 <node id="10853234137" visible="true" version="1" changeset="135479409" timestamp="2023-04-28T17:55:34Z" user="gbas" uid="19080331" lat="9.8815990" lon="78.0855525"/>
 <node id="10853234138" visible="true" version="1" changeset="135479409" timestamp="2023-04-28T17:55:34Z" user="gbas" uid="19080331" lat="9.8821011" lon="78.0842060"/>
 <node id="10853234139" visible="true" version="1" changeset="135479409" timestamp="2023-04-28T17:55:34Z" user="gbas" uid="19080331" lat="9.8856644" lon="78.0958293"/>
 <node id="10853234140" visible="true" version="1" changeset="135479409" timestamp="2023-04-28T17:55:34Z" user="gbas" uid="19080331" lat="9.8857027" lon="78.0962102"/>
 <node id="10853234144" visible="true" version="1" changeset="135479409" timestamp="2023-04-28T17:55:34Z" user="gbas" uid="19080331" lat="9.8846061" lon="78.0966353"/>
 <node id="10853234145" visible="true" version="1" changeset="135479409" timestamp="2023-04-28T17:55:34Z" user="gbas" uid="19080331" lat="9.8848043" lon="78.0950998"/>
 <node id="10853234146" visible="true" version="1" changeset="135479409" timestamp="2023-04-28T17:55:34Z" user="gbas" uid="19080331" lat="9.8853182" lon="78.0950220"/>
 <node id="10853234147" visible="true" version="1" changeset="135479409" timestamp="2023-04-28T17:55:34Z" user="gbas" uid="19080331" lat="9.8853473" lon="78.0951239"/>
 <node id="10853234148" visible="true" version="1" changeset="135479409" timestamp="2023-04-28T17:55:34Z" user="gbas" uid="19080331" lat="9.8856763" lon="78.0951950"/>
 <node id="10853234173" visible="true" version="1" changeset="135479409" timestamp="2023-04-28T17:55:34Z" user="gbas" uid="19080331" lat="9.8865563" lon="78.0937183"/>
 <node id="10853234174" visible="true" version="1" changeset="135479409" timestamp="2023-04-28T17:55:34Z" user="gbas" uid="19080331" lat="9.8863743" lon="78.0941769"/>
 <node id="10853234175" visible="true" version="1" changeset="135479409" timestamp="2023-04-28T17:55:34Z" user="gbas" uid="19080331" lat="9.8863316" lon="78.0941650"/>
 <node id="10853234176" visible="true" version="1" changeset="135479409" timestamp="2023-04-28T17:55:34Z" user="gbas" uid="19080331" lat="9.8862206" lon="78.0941114"/>
 <node id="10853234177" visible="true" version="1" changeset="135479409" timestamp="2023-04-28T17:55:34Z" user="gbas" uid="19080331" lat="9.8854358" lon="78.0940738"/>
 <node id="10853234178" visible="true" version="1" changeset="135479409" timestamp="2023-04-28T17:55:34Z" user="gbas" uid="19080331" lat="9.8853301" lon="78.0940202"/>
 <node id="10853234179" visible="true" version="1" changeset="135479409" timestamp="2023-04-28T17:55:34Z" user="gbas" uid="19080331" lat="9.8846008" lon="78.0939531"/>
 <node id="10853234180" visible="true" version="1" changeset="135479409" timestamp="2023-04-28T17:55:34Z" user="gbas" uid="19080331" lat="9.8846880" lon="78.0935159"/>
 <node id="10853234181" visible="true" version="1" changeset="135479409" timestamp="2023-04-28T17:55:34Z" user="gbas" uid="19080331" lat="9.8851663" lon="78.0935401"/>
 <node id="10853234182" visible="true" version="1" changeset="135479409" timestamp="2023-04-28T17:55:34Z" user="gbas" uid="19080331" lat="9.8854200" lon="78.0935508"/>
 <node id="10853234183" visible="true" version="1" changeset="135479409" timestamp="2023-04-28T17:55:34Z" user="gbas" uid="19080331" lat="9.8859035" lon="78.0935749"/>
 <node id="10853234184" visible="true" version="1" changeset="135479409" timestamp="2023-04-28T17:55:34Z" user="gbas" uid="19080331" lat="9.8865126" lon="78.0937037"/>
 <node id="10853234185" visible="true" version="1" changeset="135479409" timestamp="2023-04-28T17:55:34Z" user="gbas" uid="19080331" lat="9.8836813" lon="78.0921534"/>
 <node id="10853234186" visible="true" version="1" changeset="135479409" timestamp="2023-04-28T17:55:34Z" user="gbas" uid="19080331" lat="9.8839957" lon="78.0921453"/>
 <node id="10853234187" visible="true" version="1" changeset="135479409" timestamp="2023-04-28T17:55:34Z" user="gbas" uid="19080331" lat="9.8838689" lon="78.0932718"/>
 <node id="10853234188" visible="true" version="1" changeset="135479409" timestamp="2023-04-28T17:55:34Z" user="gbas" uid="19080331" lat="9.8837367" lon="78.0932289"/>
 <node id="10853234189" visible="true" version="1" changeset="135479409" timestamp="2023-04-28T17:55:34Z" user="gbas" uid="19080331" lat="9.8835095" lon="78.0936635"/>
 <node id="10853234190" visible="true" version="1" changeset="135479409" timestamp="2023-04-28T17:55:34Z" user="gbas" uid="19080331" lat="9.8834778" lon="78.0936366"/>
 <node id="10853234191" visible="true" version="1" changeset="135479409" timestamp="2023-04-28T17:55:34Z" user="gbas" uid="19080331" lat="9.8835412" lon="78.0935213"/>
 <node id="10853234192" visible="true" version="1" changeset="135479409" timestamp="2023-04-28T17:55:34Z" user="gbas" uid="19080331" lat="9.8835756" lon="78.0933389"/>
 <node id="10853234193" visible="true" version="1" changeset="135479409" timestamp="2023-04-28T17:55:34Z" user="gbas" uid="19080331" lat="9.8834910" lon="78.0932477"/>
 <node id="10853234194" visible="true" version="1" changeset="135479409" timestamp="2023-04-28T17:55:34Z" user="gbas" uid="19080331" lat="9.8833562" lon="78.0931941"/>
 <node id="10853234195" visible="true" version="1" changeset="135479409" timestamp="2023-04-28T17:55:34Z" user="gbas" uid="19080331" lat="9.8832823" lon="78.0931887"/>
 <node id="10853234196" visible="true" version="1" changeset="135479409" timestamp="2023-04-28T17:55:34Z" user="gbas" uid="19080331" lat="9.8832162" lon="78.0933335"/>
 <node id="10853234197" visible="true" version="1" changeset="135479409" timestamp="2023-04-28T17:55:34Z" user="gbas" uid="19080331" lat="9.8824393" lon="78.0931431"/>
 <node id="10853234198" visible="true" version="1" changeset="135479409" timestamp="2023-04-28T17:55:34Z" user="gbas" uid="19080331" lat="9.8823363" lon="78.0933228"/>
 <node id="10853234199" visible="true" version="1" changeset="135479409" timestamp="2023-04-28T17:55:34Z" user="gbas" uid="19080331" lat="9.8828383" lon="78.0934596"/>
 <node id="10853234200" visible="true" version="1" changeset="135479409" timestamp="2023-04-28T17:55:34Z" user="gbas" uid="19080331" lat="9.8827538" lon="78.0937681"/>
 <node id="10853234201" visible="true" version="1" changeset="135479409" timestamp="2023-04-28T17:55:34Z" user="gbas" uid="19080331" lat="9.8829361" lon="78.0938297"/>
 <node id="10853234202" visible="true" version="1" changeset="135479409" timestamp="2023-04-28T17:55:34Z" user="gbas" uid="19080331" lat="9.8828912" lon="78.0941007"/>
 <node id="10853234203" visible="true" version="1" changeset="135479409" timestamp="2023-04-28T17:55:34Z" user="gbas" uid="19080331" lat="9.8821302" lon="78.0939665"/>
 <node id="10853234204" visible="true" version="1" changeset="135479409" timestamp="2023-04-28T17:55:34Z" user="gbas" uid="19080331" lat="9.8820430" lon="78.0941462"/>
 <node id="10853234214" visible="true" version="1" changeset="135479409" timestamp="2023-04-28T17:55:34Z" user="gbas" uid="19080331" lat="9.8810256" lon="78.0925503"/>
 <node id="10853234215" visible="true" version="1" changeset="135479409" timestamp="2023-04-28T17:55:34Z" user="gbas" uid="19080331" lat="9.8810521" lon="78.0926174"/>
 <node id="10853234216" visible="true" version="1" changeset="135479409" timestamp="2023-04-28T17:55:34Z" user="gbas" uid="19080331" lat="9.8810785" lon="78.0927354"/>
 <node id="10853234217" visible="true" version="1" changeset="135479409" timestamp="2023-04-28T17:55:34Z" user="gbas" uid="19080331" lat="9.8811128" lon="78.0930465"/>
 <node id="10853234218" visible="true" version="1" changeset="135479409" timestamp="2023-04-28T17:55:34Z" user="gbas" uid="19080331" lat="9.8814748" lon="78.0930814"/>
 <node id="10853234219" visible="true" version="1" changeset="135479409" timestamp="2023-04-28T17:55:34Z" user="gbas" uid="19080331" lat="9.8823653" lon="78.0931136"/>
 <node id="10853234220" visible="true" version="1" changeset="135479409" timestamp="2023-04-28T17:55:34Z" user="gbas" uid="19080331" lat="9.8824393" lon="78.0929741"/>
 <node id="10853234221" visible="true" version="1" changeset="135479409" timestamp="2023-04-28T17:55:34Z" user="gbas" uid="19080331" lat="9.8826428" lon="78.0927408"/>
 <node id="10853234222" visible="true" version="1" changeset="135479409" timestamp="2023-04-28T17:55:34Z" user="gbas" uid="19080331" lat="9.8828568" lon="78.0924779"/>
 <node id="10853234223" visible="true" version="1" changeset="135479409" timestamp="2023-04-28T17:55:34Z" user="gbas" uid="19080331" lat="9.8829150" lon="78.0923438"/>
 <node id="10853234224" visible="true" version="1" changeset="135479409" timestamp="2023-04-28T17:55:34Z" user="gbas" uid="19080331" lat="9.8829572" lon="78.0922365"/>
 <node id="10853234225" visible="true" version="1" changeset="135479409" timestamp="2023-04-28T17:55:34Z" user="gbas" uid="19080331" lat="9.8830365" lon="78.0921829"/>
 <node id="10853234226" visible="true" version="1" changeset="135479409" timestamp="2023-04-28T17:55:34Z" user="gbas" uid="19080331" lat="9.8833536" lon="78.0920729"/>
 <node id="10853234227" visible="true" version="1" changeset="135479409" timestamp="2023-04-28T17:55:34Z" user="gbas" uid="19080331" lat="9.8833774" lon="78.0920407"/>
 <node id="10853234228" visible="true" version="1" changeset="135479409" timestamp="2023-04-28T17:55:34Z" user="gbas" uid="19080331" lat="9.8836998" lon="78.0919629"/>
 <node id="10853234303" visible="true" version="1" changeset="135479409" timestamp="2023-04-28T17:55:34Z" user="gbas" uid="19080331" lat="9.8804879" lon="78.0842932"/>
 <node id="10853234304" visible="true" version="1" changeset="135479409" timestamp="2023-04-28T17:55:34Z" user="gbas" uid="19080331" lat="9.8810494" lon="78.0838841"/>
 <node id="10853234305" visible="true" version="1" changeset="135479409" timestamp="2023-04-28T17:55:34Z" user="gbas" uid="19080331" lat="9.8814518" lon="78.0836598"/>
 <node id="10853234306" visible="true" version="1" changeset="135479409" timestamp="2023-04-28T17:55:34Z" user="gbas" uid="19080331" lat="9.8814644" lon="78.0836856"/>
 <node id="10853234307" visible="true" version="1" changeset="135479409" timestamp="2023-04-28T17:55:34Z" user="gbas" uid="19080331" lat="9.8808233" lon="78.0846285"/>
 <node id="10853234308" visible="true" version="1" changeset="135479409" timestamp="2023-04-28T17:55:34Z" user="gbas" uid="19080331" lat="9.8810177" lon="78.0840531"/>
 <node id="10853234309" visible="true" version="1" changeset="135479409" timestamp="2023-04-28T17:55:34Z" user="gbas" uid="19080331" lat="9.8807350" lon="78.0848899"/>
 <node id="10853234310" visible="true" version="1" changeset="135479409" timestamp="2023-04-28T17:55:34Z" user="gbas" uid="19080331" lat="9.8810834" lon="78.0847291"/>
 <node id="10853234311" visible="true" version="1" changeset="135479409" timestamp="2023-04-28T17:55:34Z" user="gbas" uid="19080331" lat="9.8813586" lon="78.0839565"/>
 <node id="10853234312" visible="true" version="1" changeset="135479409" timestamp="2023-04-28T17:55:34Z" user="gbas" uid="19080331" lat="9.8809754" lon="78.0850321"/>
 <node id="10853234313" visible="true" version="1" changeset="135479409" timestamp="2023-04-28T17:55:34Z" user="gbas" uid="19080331" lat="9.8813540" lon="78.0848339"/>
 <node id="10853234315" visible="true" version="1" changeset="135479409" timestamp="2023-04-28T17:55:34Z" user="gbas" uid="19080331" lat="9.8816299" lon="78.0849406"/>
 <node id="10853234316" visible="true" version="1" changeset="135479409" timestamp="2023-04-28T17:55:34Z" user="gbas" uid="19080331" lat="9.8811776" lon="78.0853459"/>
 <node id="10853234317" visible="true" version="1" changeset="135479409" timestamp="2023-04-28T17:55:34Z" user="gbas" uid="19080331" lat="9.8816626" lon="78.0839382"/>
 <node id="10853234318" visible="true" version="1" changeset="135479409" timestamp="2023-04-28T17:55:34Z" user="gbas" uid="19080331" lat="9.8814537" lon="78.0854452"/>
 <node id="10853234319" visible="true" version="1" changeset="135479409" timestamp="2023-04-28T17:55:34Z" user="gbas" uid="19080331" lat="9.8819355" lon="78.0840654"/>
 <node id="10853234320" visible="true" version="1" changeset="135479409" timestamp="2023-04-28T17:55:34Z" user="gbas" uid="19080331" lat="9.8829282" lon="78.0840477"/>
 <node id="10853254354" visible="true" version="1" changeset="135479832" timestamp="2023-04-28T18:11:23Z" user="gbas" uid="19080331" lat="9.8852131" lon="78.0850274"/>
 <node id="10853254359" visible="true" version="1" changeset="135479832" timestamp="2023-04-28T18:11:23Z" user="gbas" uid="19080331" lat="9.8869085" lon="78.0835684"/>
 <node id="10853254361" visible="true" version="1" changeset="135479832" timestamp="2023-04-28T18:11:23Z" user="gbas" uid="19080331" lat="9.8856023" lon="78.0824156"/>
 <node id="10853254362" visible="true" version="1" changeset="135479832" timestamp="2023-04-28T18:11:23Z" user="gbas" uid="19080331" lat="9.8853409" lon="78.0823107"/>
 <node id="10853254363" visible="true" version="1" changeset="135479832" timestamp="2023-04-28T18:11:23Z" user="gbas" uid="19080331" lat="9.8845321" lon="78.0828005"/>
 <node id="10853254364" visible="true" version="1" changeset="135479832" timestamp="2023-04-28T18:11:23Z" user="gbas" uid="19080331" lat="9.8840488" lon="78.0825454"/>
 <node id="10853254365" visible="true" version="1" changeset="135479832" timestamp="2023-04-28T18:11:23Z" user="gbas" uid="19080331" lat="9.8840684" lon="78.0825296"/>
 <node id="10853254366" visible="true" version="1" changeset="135479832" timestamp="2023-04-28T18:11:23Z" user="gbas" uid="19080331" lat="9.8843722" lon="78.0830406"/>
 <node id="10853254367" visible="true" version="1" changeset="135479832" timestamp="2023-04-28T18:11:23Z" user="gbas" uid="19080331" lat="9.8839878" lon="78.0828394"/>
 <node id="10853254368" visible="true" version="1" changeset="135479832" timestamp="2023-04-28T18:11:23Z" user="gbas" uid="19080331" lat="9.8838629" lon="78.0827557"/>
 <node id="10853254369" visible="true" version="1" changeset="135479832" timestamp="2023-04-28T18:11:23Z" user="gbas" uid="19080331" lat="9.8838438" lon="78.0827804"/>
 <node id="10853254370" visible="true" version="1" changeset="135479832" timestamp="2023-04-28T18:11:23Z" user="gbas" uid="19080331" lat="9.8840789" lon="78.0836481"/>
 <node id="10853254371" visible="true" version="1" changeset="135479832" timestamp="2023-04-28T18:11:23Z" user="gbas" uid="19080331" lat="9.8834731" lon="78.0834246"/>
 <node id="10853254372" visible="true" version="1" changeset="135479832" timestamp="2023-04-28T18:11:23Z" user="gbas" uid="19080331" lat="9.8848320" lon="78.0832610"/>
 <node id="10853254373" visible="true" version="1" changeset="135479832" timestamp="2023-04-28T18:11:23Z" user="gbas" uid="19080331" lat="9.8845760" lon="78.0831325"/>
 <node id="10853254374" visible="true" version="1" changeset="135479832" timestamp="2023-04-28T18:11:23Z" user="gbas" uid="19080331" lat="9.8839534" lon="78.0842972"/>
 <node id="10853254375" visible="true" version="1" changeset="135479832" timestamp="2023-04-28T18:11:23Z" user="gbas" uid="19080331" lat="9.8839666" lon="78.0842355"/>
 <node id="10853254376" visible="true" version="1" changeset="135479832" timestamp="2023-04-28T18:11:23Z" user="gbas" uid="19080331" lat="9.8841395" lon="78.0853839"/>
 <node id="10853254377" visible="true" version="1" changeset="135479832" timestamp="2023-04-28T18:11:23Z" user="gbas" uid="19080331" lat="9.8843234" lon="78.0842784"/>
 <node id="10853254378" visible="true" version="1" changeset="135479832" timestamp="2023-04-28T18:11:23Z" user="gbas" uid="19080331" lat="9.8842758" lon="78.0843911"/>
 <node id="10853254379" visible="true" version="1" changeset="135479832" timestamp="2023-04-28T18:11:23Z" user="gbas" uid="19080331" lat="9.8841120" lon="78.0855846"/>
 <node id="10853254383" visible="true" version="1" changeset="135479832" timestamp="2023-04-28T18:11:23Z" user="gbas" uid="19080331" lat="9.8844828" lon="78.0854188"/>
 <node id="10853254392" visible="true" version="1" changeset="135479832" timestamp="2023-04-28T18:11:23Z" user="gbas" uid="19080331" lat="9.8844036" lon="78.0860339"/>
 <node id="10853254393" visible="true" version="1" changeset="135479832" timestamp="2023-04-28T18:11:23Z" user="gbas" uid="19080331" lat="9.8844264" lon="78.0870330"/>
 <node id="10853254394" visible="true" version="1" changeset="135479832" timestamp="2023-04-28T18:11:23Z" user="gbas" uid="19080331" lat="9.8846695" lon="78.0863973"/>
 <node id="10853254395" visible="true" version="1" changeset="135479832" timestamp="2023-04-28T18:11:23Z" user="gbas" uid="19080331" lat="9.8847356" lon="78.0861425"/>
 <node id="10853254396" visible="true" version="1" changeset="135479832" timestamp="2023-04-28T18:11:23Z" user="gbas" uid="19080331" lat="9.8847718" lon="78.0857982"/>
 <node id="10853254397" visible="true" version="1" changeset="135479832" timestamp="2023-04-28T18:11:23Z" user="gbas" uid="19080331" lat="9.8848994" lon="78.0846781"/>
 <node id="10853254398" visible="true" version="1" changeset="135479832" timestamp="2023-04-28T18:11:23Z" user="gbas" uid="19080331" lat="9.8849892" lon="78.0842113"/>
 <node id="10853254399" visible="true" version="1" changeset="135479832" timestamp="2023-04-28T18:11:23Z" user="gbas" uid="19080331" lat="9.8850553" lon="78.0840182"/>
 <node id="10853254400" visible="true" version="1" changeset="135479832" timestamp="2023-04-28T18:11:23Z" user="gbas" uid="19080331" lat="9.8851742" lon="78.0838358"/>
 <node id="10853254401" visible="true" version="1" changeset="135479832" timestamp="2023-04-28T18:11:23Z" user="gbas" uid="19080331" lat="9.8840803" lon="78.0869499"/>
 <node id="10853254402" visible="true" version="1" changeset="135479832" timestamp="2023-04-28T18:11:23Z" user="gbas" uid="19080331" lat="9.8843709" lon="78.0862069"/>
 <node id="10853254403" visible="true" version="1" changeset="135479832" timestamp="2023-04-28T18:11:23Z" user="gbas" uid="19080331" lat="9.8843947" lon="78.0860969"/>
 <node id="10853254404" visible="true" version="1" changeset="135479832" timestamp="2023-04-28T18:11:23Z" user="gbas" uid="19080331" lat="9.8845929" lon="78.0844876"/>
 <node id="10853254405" visible="true" version="1" changeset="135479832" timestamp="2023-04-28T18:11:23Z" user="gbas" uid="19080331" lat="9.8846167" lon="78.0843723"/>
 <node id="10853254406" visible="true" version="1" changeset="135479832" timestamp="2023-04-28T18:11:23Z" user="gbas" uid="19080331" lat="9.8844423" lon="78.0857617"/>
 <node id="10853254407" visible="true" version="1" changeset="135479832" timestamp="2023-04-28T18:11:23Z" user="gbas" uid="19080331" lat="9.8850236" lon="78.0858260"/>
 <node id="10853254408" visible="true" version="1" changeset="135479832" timestamp="2023-04-28T18:11:23Z" user="gbas" uid="19080331" lat="9.8850685" lon="78.0858073"/>
 <node id="10853254409" visible="true" version="1" changeset="135479832" timestamp="2023-04-28T18:11:23Z" user="gbas" uid="19080331" lat="9.8850897" lon="78.0857804"/>
 <node id="10853254410" visible="true" version="1" changeset="135479832" timestamp="2023-04-28T18:11:23Z" user="gbas" uid="19080331" lat="9.8851663" lon="78.0853862"/>
 <node id="10853254422" visible="true" version="1" changeset="135479832" timestamp="2023-04-28T18:11:23Z" user="gbas" uid="19080331" lat="9.8875696" lon="78.0838448"/>
 <node id="10853254426" visible="true" version="1" changeset="135479832" timestamp="2023-04-28T18:11:23Z" user="gbas" uid="19080331" lat="9.8871996" lon="78.0837366"/>
 <node id="10853254427" visible="true" version="2" changeset="146064744" timestamp="2024-01-09T12:23:15Z" user="Dinsh" uid="10923610" lat="9.8878574" lon="78.0838416"/>
 <node id="10853254428" visible="true" version="1" changeset="135479832" timestamp="2023-04-28T18:11:23Z" user="gbas" uid="19080331" lat="9.8873040" lon="78.0838372"/>
 <node id="10853254429" visible="true" version="1" changeset="135479832" timestamp="2023-04-28T18:11:23Z" user="gbas" uid="19080331" lat="9.8872617" lon="78.0838332"/>
 <node id="10853254430" visible="true" version="1" changeset="135479832" timestamp="2023-04-28T18:11:23Z" user="gbas" uid="19080331" lat="9.8872366" lon="78.0838251"/>
 <node id="10853254431" visible="true" version="1" changeset="135479832" timestamp="2023-04-28T18:11:23Z" user="gbas" uid="19080331" lat="9.8872181" lon="78.0837849"/>
 <node id="10853254432" visible="true" version="1" changeset="135479832" timestamp="2023-04-28T18:11:23Z" user="gbas" uid="19080331" lat="9.8872128" lon="78.0837500"/>
 <node id="10853254433" visible="true" version="1" changeset="135479832" timestamp="2023-04-28T18:11:23Z" user="gbas" uid="19080331" lat="9.8871771" lon="78.0837138"/>
 <node id="12578111771" visible="true" version="1" changeset="162376328" timestamp="2025-02-11T05:31:55Z" user="krishnaprasath" uid="22484704" lat="9.8829273" lon="78.0813768"/>
 <node id="12578111772" visible="true" version="1" changeset="162376328" timestamp="2025-02-11T05:31:55Z" user="krishnaprasath" uid="22484704" lat="9.8824312" lon="78.0833516"/>
 <node id="12578111773" visible="true" version="1" changeset="162376328" timestamp="2025-02-11T05:31:55Z" user="krishnaprasath" uid="22484704" lat="9.8824198" lon="78.0835760"/>
 <node id="12578111774" visible="true" version="1" changeset="162376328" timestamp="2025-02-11T05:31:55Z" user="krishnaprasath" uid="22484704" lat="9.8831667" lon="78.0825262"/>
 <node id="12578111775" visible="true" version="1" changeset="162376328" timestamp="2025-02-11T05:31:55Z" user="krishnaprasath" uid="22484704" lat="9.8828765" lon="78.0825468"/>
 <node id="12578111776" visible="true" version="1" changeset="162376328" timestamp="2025-02-11T05:31:55Z" user="krishnaprasath" uid="22484704" lat="9.8827716" lon="78.0831604"/>
 <node id="12578111777" visible="true" version="1" changeset="162376328" timestamp="2025-02-11T05:31:55Z" user="krishnaprasath" uid="22484704" lat="9.8827659" lon="78.0833560"/>
 <node id="12578111778" visible="true" version="1" changeset="162376328" timestamp="2025-02-11T05:31:55Z" user="krishnaprasath" uid="22484704" lat="9.8832007" lon="78.0813492"/>
 <node id="12578111779" visible="true" version="1" changeset="162376328" timestamp="2025-02-11T05:31:55Z" user="krishnaprasath" uid="22484704" lat="9.8829633" lon="78.0813427"/>
 <node id="12578111780" visible="true" version="1" changeset="162376328" timestamp="2025-02-11T05:31:55Z" user="krishnaprasath" uid="22484704" lat="9.8824627" lon="78.0833520"/>
 <node id="12578111781" visible="true" version="1" changeset="162376328" timestamp="2025-02-11T05:31:55Z" user="krishnaprasath" uid="22484704" lat="9.8824579" lon="78.0835767"/>
 <node id="12578111782" visible="true" version="1" changeset="162376328" timestamp="2025-02-11T05:31:55Z" user="krishnaprasath" uid="22484704" lat="9.8831961" lon="78.0818020"/>
 <node id="12578111783" visible="true" version="1" changeset="162376328" timestamp="2025-02-11T05:31:55Z" user="krishnaprasath" uid="22484704" lat="9.8825101" lon="78.0817832"/>
 <node id="12578111784" visible="true" version="1" changeset="162376328" timestamp="2025-02-11T05:31:55Z" user="krishnaprasath" uid="22484704" lat="9.8826212" lon="78.0807102"/>
 <node id="12578111785" visible="true" version="1" changeset="162376328" timestamp="2025-02-11T05:31:55Z" user="krishnaprasath" uid="22484704" lat="9.8826147" lon="78.0810239"/>
 <node id="12578111786" visible="true" version="1" changeset="162376328" timestamp="2025-02-11T05:31:55Z" user="krishnaprasath" uid="22484704" lat="9.8824277" lon="78.0811369"/>
 <node id="12578111787" visible="true" version="1" changeset="162376328" timestamp="2025-02-11T05:31:55Z" user="krishnaprasath" uid="22484704" lat="9.8823557" lon="78.0811358"/>
 <node id="12578111788" visible="true" version="1" changeset="162376328" timestamp="2025-02-11T05:31:55Z" user="krishnaprasath" uid="22484704" lat="9.8822750" lon="78.0806985"/>
 <node id="12578111789" visible="true" version="1" changeset="162376328" timestamp="2025-02-11T05:31:55Z" user="krishnaprasath" uid="22484704" lat="9.8822493" lon="78.0810681"/>
 <node id="12578111790" visible="true" version="1" changeset="162376328" timestamp="2025-02-11T05:31:55Z" user="krishnaprasath" uid="22484704" lat="9.8830904" lon="78.0813462"/>
 <node id="12578111791" visible="true" version="1" changeset="162376328" timestamp="2025-02-11T05:31:55Z" user="krishnaprasath" uid="22484704" lat="9.8830776" lon="78.0814125"/>
 <node id="12578111792" visible="true" version="1" changeset="162376328" timestamp="2025-02-11T05:31:55Z" user="krishnaprasath" uid="22484704" lat="9.8829764" lon="78.0816198"/>
 <node id="12578111793" visible="true" version="1" changeset="162376328" timestamp="2025-02-11T05:31:55Z" user="krishnaprasath" uid="22484704" lat="9.8829689" lon="78.0817957"/>
 <node id="12578111794" visible="true" version="1" changeset="162376328" timestamp="2025-02-11T05:31:55Z" user="krishnaprasath" uid="22484704" lat="9.8827260" lon="78.0817891"/>
 <node id="12578111795" visible="true" version="1" changeset="162376328" timestamp="2025-02-11T05:31:55Z" user="krishnaprasath" uid="22484704" lat="9.8827335" lon="78.0814311"/>
 <node id="12578111796" visible="true" version="1" changeset="162376328" timestamp="2025-02-11T05:31:55Z" user="krishnaprasath" uid="22484704" lat="9.8826157" lon="78.0813209"/>
 <node id="12578111797" visible="true" version="1" changeset="162376328" timestamp="2025-02-11T05:31:55Z" user="krishnaprasath" uid="22484704" lat="9.8824372" lon="78.0813695"/>
 <node id="12578111798" visible="true" version="1" changeset="162376328" timestamp="2025-02-11T05:31:55Z" user="krishnaprasath" uid="22484704" lat="9.8824261" lon="78.0816868"/>
 <node id="12578111799" visible="true" version="1" changeset="162376328" timestamp="2025-02-11T05:31:55Z" user="krishnaprasath" uid="22484704" lat="9.8824593" lon="78.0810655"/>
 <node id="12578111800" visible="true" version="1" changeset="162376328" timestamp="2025-02-11T05:31:55Z" user="krishnaprasath" uid="22484704" lat="9.8826083" lon="78.0810743"/>
 <node id="12578198401" visible="true" version="1" changeset="162376328" timestamp="2025-02-11T05:31:55Z" user="krishnaprasath" uid="22484704" lat="9.8824538" lon="78.0811413"/>
 <node id="12578198402" visible="true" version="1" changeset="162376328" timestamp="2025-02-11T05:31:55Z" user="krishnaprasath" uid="22484704" lat="9.8827151" lon="78.0820737"/>
 <node id="12578198403" visible="true" version="1" changeset="162376328" timestamp="2025-02-11T05:31:55Z" user="krishnaprasath" uid="22484704" lat="9.8827352" lon="78.0831592"/>
 <node id="12578198404" visible="true" version="1" changeset="162376328" timestamp="2025-02-11T05:31:55Z" user="krishnaprasath" uid="22484704" lat="9.8827279" lon="78.0833555"/>
 <node id="12578198405" visible="true" version="1" changeset="162376328" timestamp="2025-02-11T05:31:55Z" user="krishnaprasath" uid="22484704" lat="9.8827339" lon="78.0831939"/>
 <node id="12578198406" visible="true" version="1" changeset="162376328" timestamp="2025-02-11T05:31:55Z" user="krishnaprasath" uid="22484704" lat="9.8831312" lon="78.0832018"/>
 <node id="12578198407" visible="true" version="1" changeset="162376328" timestamp="2025-02-11T05:31:55Z" user="krishnaprasath" uid="22484704" lat="9.8833469" lon="78.0832161"/>
 <node id="12578198408" visible="true" version="1" changeset="162376328" timestamp="2025-02-11T05:31:55Z" user="krishnaprasath" uid="22484704" lat="9.8823417" lon="78.0826189"/>
 <node id="12578198409" visible="true" version="1" changeset="162376328" timestamp="2025-02-11T05:31:55Z" user="krishnaprasath" uid="22484704" lat="9.8823513" lon="78.0824319"/>
 <node id="12578198410" visible="true" version="1" changeset="162376328" timestamp="2025-02-11T05:31:55Z" user="krishnaprasath" uid="22484704" lat="9.8819455" lon="78.0824654"/>
 <node id="12578198411" visible="true" version="1" changeset="162376328" timestamp="2025-02-11T05:31:55Z" user="krishnaprasath" uid="22484704" lat="9.8819022" lon="78.0825784"/>
 <node id="12578198412" visible="true" version="1" changeset="162376328" timestamp="2025-02-11T05:31:55Z" user="krishnaprasath" uid="22484704" lat="9.8818902" lon="78.0829638"/>
 <node id="12578198413" visible="true" version="1" changeset="162376328" timestamp="2025-02-11T05:31:55Z" user="krishnaprasath" uid="22484704" lat="9.8821083" lon="78.0824041"/>
 <node id="12578198414" visible="true" version="1" changeset="162376328" timestamp="2025-02-11T05:31:55Z" user="krishnaprasath" uid="22484704" lat="9.8820910" lon="78.0829886"/>
 <node id="12578198415" visible="true" version="1" changeset="162376328" timestamp="2025-02-11T05:31:55Z" user="krishnaprasath" uid="22484704" lat="9.8821884" lon="78.0829912"/>
 <node id="12578198416" visible="true" version="1" changeset="162376328" timestamp="2025-02-11T05:31:55Z" user="krishnaprasath" uid="22484704" lat="9.8821820" lon="78.0833581"/>
 <node id="12578198417" visible="true" version="1" changeset="162376328" timestamp="2025-02-11T05:31:55Z" user="krishnaprasath" uid="22484704" lat="9.8820917" lon="78.0829651"/>
 <node id="12578198418" visible="true" version="1" changeset="162376328" timestamp="2025-02-11T05:31:55Z" user="krishnaprasath" uid="22484704" lat="9.8816235" lon="78.0830490"/>
 <node id="12578198419" visible="true" version="1" changeset="162376328" timestamp="2025-02-11T05:31:55Z" user="krishnaprasath" uid="22484704" lat="9.8816084" lon="78.0834585"/>
 <node id="12578198420" visible="true" version="1" changeset="162376328" timestamp="2025-02-11T05:31:55Z" user="krishnaprasath" uid="22484704" lat="9.8852680" lon="78.0806675"/>
 <node id="12578198421" visible="true" version="1" changeset="162376328" timestamp="2025-02-11T05:31:55Z" user="krishnaprasath" uid="22484704" lat="9.8850259" lon="78.0808271"/>
 <node id="12578198422" visible="true" version="1" changeset="162376328" timestamp="2025-02-11T05:31:55Z" user="krishnaprasath" uid="22484704" lat="9.8850238" lon="78.0809353"/>
 <node id="12578198423" visible="true" version="1" changeset="162376328" timestamp="2025-02-11T05:31:55Z" user="krishnaprasath" uid="22484704" lat="9.8837742" lon="78.0807706"/>
 <node id="12578198424" visible="true" version="1" changeset="162376328" timestamp="2025-02-11T05:31:55Z" user="krishnaprasath" uid="22484704" lat="9.8837678" lon="78.0808922"/>
 <node id="12578198425" visible="true" version="1" changeset="162376328" timestamp="2025-02-11T05:31:55Z" user="krishnaprasath" uid="22484704" lat="9.8832028" lon="78.0810537"/>
 <node id="12578198426" visible="true" version="1" changeset="162376328" timestamp="2025-02-11T05:31:55Z" user="krishnaprasath" uid="22484704" lat="9.8829763" lon="78.0810752"/>
 <node id="12578198427" visible="true" version="1" changeset="162376328" timestamp="2025-02-11T05:31:55Z" user="krishnaprasath" uid="22484704" lat="9.8826106" lon="78.0810564"/>
 <node id="12578198428" visible="true" version="1" changeset="162376328" timestamp="2025-02-11T05:31:55Z" user="krishnaprasath" uid="22484704" lat="9.8828008" lon="78.0810333"/>
 <node id="12578198429" visible="true" version="1" changeset="162376328" timestamp="2025-02-11T05:31:55Z" user="krishnaprasath" uid="22484704" lat="9.8831764" lon="78.0823175"/>
 <node id="12578198430" visible="true" version="1" changeset="162376328" timestamp="2025-02-11T05:31:55Z" user="krishnaprasath" uid="22484704" lat="9.8833161" lon="78.0823199"/>
 <node id="12578198431" visible="true" version="1" changeset="162376328" timestamp="2025-02-11T05:31:55Z" user="krishnaprasath" uid="22484704" lat="9.8823414" lon="78.0832188"/>
 <node id="12578198432" visible="true" version="1" changeset="162376328" timestamp="2025-02-11T05:31:55Z" user="krishnaprasath" uid="22484704" lat="9.8822808" lon="78.0816975"/>
 <node id="12578198433" visible="true" version="1" changeset="162376328" timestamp="2025-02-11T05:31:55Z" user="krishnaprasath" uid="22484704" lat="9.8822554" lon="78.0823790"/>
 <node id="12578198434" visible="true" version="1" changeset="162376328" timestamp="2025-02-11T05:31:55Z" user="krishnaprasath" uid="22484704" lat="9.8821793" lon="78.0816932"/>
 <node id="12578198435" visible="true" version="1" changeset="162376328" timestamp="2025-02-11T05:31:55Z" user="krishnaprasath" uid="22484704" lat="9.8822005" lon="78.0810623"/>
 <node id="12578198436" visible="true" version="1" changeset="162376328" timestamp="2025-02-11T05:31:55Z" user="krishnaprasath" uid="22484704" lat="9.8830269" lon="78.0813445"/>
 <node id="12791375828" visible="true" version="1" changeset="165498408" timestamp="2025-04-27T10:12:08Z" user="Diravia Sundaram" uid="22837863" lat="9.8827940" lon="78.0838194"/>
 <node id="12791375829" visible="true" version="1" changeset="165498408" timestamp="2025-04-27T10:12:08Z" user="Diravia Sundaram" uid="22837863" lat="9.8827229" lon="78.0838174"/>
 <node id="12791375830" visible="true" version="1" changeset="165498408" timestamp="2025-04-27T10:12:08Z" user="Diravia Sundaram" uid="22837863" lat="9.8827288" lon="78.0839197"/>
 <node id="12791375831" visible="true" version="1" changeset="165498408" timestamp="2025-04-27T10:12:08Z" user="Diravia Sundaram" uid="22837863" lat="9.8827940" lon="78.0839197"/>
 <node id="13481388474" visible="true" version="1" changeset="177637119" timestamp="2026-01-24T08:21:44Z" user="One-Above-All" uid="17417033" lat="9.8857495" lon="78.0758159"/>
 <node id="13597653965" visible="true" version="1" changeset="179028028" timestamp="2026-02-25T09:58:44Z" user="Shriraam" uid="23868703" lat="9.8833870" lon="78.0783614"/>
 <node id="13597653966" visible="true" version="1" changeset="179028028" timestamp="2026-02-25T09:58:44Z" user="Shriraam" uid="23868703" lat="9.8848719" lon="78.0792039"/>
 <way id="31590119" visible="true" version="5" changeset="162376328" timestamp="2025-02-11T05:31:55Z" user="krishnaprasath" uid="22484704">
  <nd ref="353195063"/>
  <nd ref="353195083"/>
  <nd ref="353195093"/>
  <nd ref="12578111783"/>
  <nd ref="7055147769"/>
  <nd ref="12578111798"/>
  <nd ref="7055147770"/>
  <nd ref="7055147771"/>
  <nd ref="12578198433"/>
  <nd ref="7055147772"/>
  <nd ref="353195133"/>
  <nd ref="7055147776"/>
  <nd ref="7055147773"/>
  <nd ref="7055147775"/>
  <nd ref="7055147774"/>
  <nd ref="353195270"/>
  <nd ref="353195288"/>
  <nd ref="12578198403"/>
  <nd ref="12578111776"/>
  <nd ref="353195290"/>
  <nd ref="12578111775"/>
  <nd ref="7055147807"/>
  <nd ref="7055147806"/>
  <nd ref="7055147767"/>
  <nd ref="353195063"/>
  <tag k="addr:city" v="Madurai"/>
  <tag k="addr:postcode" v="625015"/>
  <tag k="building" v="college"/>
  <tag k="internet_access" v="yes"/>
  <tag k="layer" v="-2"/>
  <tag k="name" v="Main Building"/>
  <tag k="operator" v="www.tce.edu"/>
 </way>
 <way id="244405056" visible="true" version="10" changeset="162376328" timestamp="2025-02-11T05:31:55Z" user="krishnaprasath" uid="22484704">
  <nd ref="7055147766"/>
  <nd ref="7055147765"/>
  <nd ref="353195000"/>
  <nd ref="353195001"/>
  <nd ref="353195029"/>
  <nd ref="353195053"/>
  <nd ref="353195055"/>
  <nd ref="12578198421"/>
  <nd ref="12578198423"/>
  <nd ref="7055147922"/>
  <nd ref="7055147768"/>
  <nd ref="2517275659"/>
  <nd ref="12578198425"/>
  <nd ref="12578111778"/>
  <nd ref="7055147895"/>
  <nd ref="2517275661"/>
  <nd ref="12578111782"/>
  <nd ref="12578198429"/>
  <nd ref="2517275658"/>
  <nd ref="12578111774"/>
  <nd ref="12578198406"/>
  <nd ref="2517275656"/>
  <nd ref="2517275654"/>
  <nd ref="12578111777"/>
  <nd ref="12578198404"/>
  <nd ref="12578111780"/>
  <nd ref="12578111772"/>
  <nd ref="2517275644"/>
  <nd ref="12578198416"/>
  <nd ref="2517275643"/>
  <nd ref="12578198419"/>
  <nd ref="7055148007"/>
  <nd ref="5929160659"/>
  <tag k="access" v="permissive"/>
  <tag k="highway" v="service"/>
  <tag k="lanes" v="1"/>
  <tag k="name" v="TCE Road"/>
  <tag k="oneway" v="no"/>
  <tag k="surface" v="asphalt"/>
 </way>
 <way id="502944822" visible="true" version="4" changeset="135434692" timestamp="2023-04-27T16:08:19Z" user="gbas" uid="19080331">
  <nd ref="353194998"/>
  <nd ref="10846678556"/>
  <nd ref="4933102169"/>
  <tag k="highway" v="tertiary"/>
  <tag k="oneway" v="yes"/>
 </way>
 <way id="502944825" visible="true" version="1" changeset="49778567" timestamp="2017-06-23T19:25:56Z" user="Arun Balaji" uid="3427745">
  <nd ref="4933102203"/>
  <nd ref="4933102204"/>
  <nd ref="4933102205"/>
  <nd ref="4933102206"/>
  <nd ref="4933102203"/>
  <tag k="building" v="yes"/>
 </way>
 <way id="502944826" visible="true" version="1" changeset="49778567" timestamp="2017-06-23T19:25:56Z" user="Arun Balaji" uid="3427745">
  <nd ref="4933102207"/>
  <nd ref="4933102208"/>
  <nd ref="4933102209"/>
  <nd ref="4933102210"/>
  <nd ref="4933102207"/>
  <tag k="building" v="yes"/>
 </way>
 <way id="502944827" visible="true" version="1" changeset="49778567" timestamp="2017-06-23T19:25:56Z" user="Arun Balaji" uid="3427745">
  <nd ref="4933102211"/>
  <nd ref="4933102212"/>
  <nd ref="4933102213"/>
  <nd ref="4933102214"/>
  <nd ref="4933102211"/>
  <tag k="building" v="yes"/>
 </way>
 <way id="502944828" visible="true" version="1" changeset="49778567" timestamp="2017-06-23T19:25:56Z" user="Arun Balaji" uid="3427745">
  <nd ref="4933102215"/>
  <nd ref="4933102216"/>
  <nd ref="4933102217"/>
  <nd ref="4933102218"/>
  <nd ref="4933102215"/>
  <tag k="building" v="yes"/>
 </way>
 <way id="502944829" visible="true" version="1" changeset="49778567" timestamp="2017-06-23T19:25:56Z" user="Arun Balaji" uid="3427745">
  <nd ref="4933102219"/>
  <nd ref="4933102220"/>
  <nd ref="4933102721"/>
  <nd ref="4933102722"/>
  <nd ref="4933102219"/>
  <tag k="building" v="yes"/>
 </way>
 <way id="502944830" visible="true" version="1" changeset="49778567" timestamp="2017-06-23T19:25:56Z" user="Arun Balaji" uid="3427745">
  <nd ref="4933102723"/>
  <nd ref="4933102724"/>
  <nd ref="4933102725"/>
  <nd ref="4933102726"/>
  <nd ref="4933102723"/>
  <tag k="building" v="yes"/>
 </way>
 <way id="502944834" visible="true" version="2" changeset="135479832" timestamp="2023-04-28T18:11:23Z" user="gbas" uid="19080331">
  <nd ref="4933102751"/>
  <nd ref="4933102752"/>
  <nd ref="4933102753"/>
  <nd ref="4933102754"/>
  <nd ref="10853254354"/>
  <nd ref="10853254410"/>
  <nd ref="10853254409"/>
  <nd ref="10853254408"/>
  <nd ref="10853254407"/>
  <nd ref="10853254396"/>
  <nd ref="10853254406"/>
  <tag k="highway" v="residential"/>
 </way>
 <way id="628057007" visible="true" version="6" changeset="134860490" timestamp="2023-04-13T12:14:19Z" user="Ti_Ru" uid="7575709">
  <nd ref="5929157196"/>
  <nd ref="5929157197"/>
  <nd ref="5929157198"/>
  <nd ref="7080040575"/>
  <nd ref="5929157199"/>
  <nd ref="10159209070"/>
  <nd ref="10159209071"/>
  <nd ref="5929157200"/>
  <nd ref="5929157201"/>
  <nd ref="5929157202"/>
  <nd ref="7572270263"/>
  <nd ref="5929157203"/>
  <nd ref="5929157196"/>
  <tag k="addr:city" v="Madurai"/>
  <tag k="addr:postcode" v="625015"/>
  <tag k="building" v="yes"/>
  <tag k="internet_access" v="yes"/>
  <tag k="name" v="A Block"/>
  <tag k="operator" v="Thiagarajar college of Engineering, Madurai"/>
  <tag k="smoking" v="no"/>
  <tag k="tourism" v="hostel"/>
 </way>
 <way id="628057432" visible="true" version="2" changeset="134860490" timestamp="2023-04-13T12:14:19Z" user="Ti_Ru" uid="7575709">
  <nd ref="5929160659"/>
  <nd ref="5929160660"/>
  <nd ref="5929160661"/>
  <nd ref="5929160662"/>
  <nd ref="5929160663"/>
  <nd ref="5929160664"/>
  <tag k="access" v="permissive"/>
  <tag k="bicycle" v="permissive"/>
  <tag k="highway" v="service"/>
  <tag k="horse" v="no"/>
  <tag k="lanes" v="1"/>
  <tag k="name" v="Thiagarajar College Architecture Dept Road"/>
  <tag k="oneway" v="no"/>
  <tag k="surface" v="paved"/>
 </way>
 <way id="755264606" visible="true" version="6" changeset="135479832" timestamp="2023-04-28T18:11:23Z" user="gbas" uid="19080331">
  <nd ref="4933102169"/>
  <nd ref="4933102170"/>
  <nd ref="4933102171"/>
  <nd ref="10846678554"/>
  <nd ref="4933102172"/>
  <nd ref="10846678553"/>
  <nd ref="4933102173"/>
  <nd ref="4933102174"/>
  <nd ref="4933102175"/>
  <nd ref="5504867131"/>
  <nd ref="4933102176"/>
  <nd ref="4933102727"/>
  <nd ref="4933102177"/>
  <nd ref="4933102178"/>
  <nd ref="4933102179"/>
  <nd ref="4933102180"/>
  <nd ref="4933102181"/>
  <nd ref="4933102182"/>
  <nd ref="4933102183"/>
  <nd ref="4933102184"/>
  <nd ref="10853254365"/>
  <nd ref="10853254364"/>
  <nd ref="4933102185"/>
  <nd ref="10853254368"/>
  <nd ref="10853254369"/>
  <nd ref="4933102186"/>
  <nd ref="4933102189"/>
  <nd ref="10853254371"/>
  <nd ref="4933102190"/>
  <nd ref="4933102191"/>
  <nd ref="4933102192"/>
  <nd ref="10853234320"/>
  <nd ref="4933102193"/>
  <nd ref="4933102194"/>
  <nd ref="4933102195"/>
  <nd ref="4933102196"/>
  <nd ref="10853234319"/>
  <nd ref="4933102197"/>
  <nd ref="10853234317"/>
  <nd ref="4933102198"/>
  <nd ref="10853234306"/>
  <nd ref="10853234305"/>
  <nd ref="4933102199"/>
  <nd ref="5929160659"/>
  <tag k="highway" v="tertiary"/>
  <tag k="name" v="TCE Avaniyapuram Road"/>
 </way>
 <way id="755264607" visible="true" version="3" changeset="135434692" timestamp="2023-04-27T16:08:19Z" user="gbas" uid="19080331">
  <nd ref="4933102169"/>
  <nd ref="10846678555"/>
  <nd ref="7055147766"/>
  <tag k="highway" v="tertiary"/>
  <tag k="oneway" v="yes"/>
 </way>
 <way id="755264608" visible="true" version="3" changeset="162376328" timestamp="2025-02-11T05:31:55Z" user="krishnaprasath" uid="22484704">
  <nd ref="2517275659"/>
  <nd ref="12578111784"/>
  <nd ref="12578111788"/>
  <nd ref="4933102202"/>
  <tag k="highway" v="service"/>
  <tag k="name" v="TCE road"/>
 </way>
 <way id="755264609" visible="true" version="2" changeset="85677199" timestamp="2020-05-24T10:15:19Z" user="Ti_Ru" uid="7575709">
  <nd ref="7055147777"/>
  <nd ref="7055147779"/>
  <nd ref="7055147780"/>
  <nd ref="7055147778"/>
  <nd ref="7055147777"/>
  <tag k="building" v="college"/>
  <tag k="layer" v="1"/>
  <tag k="name" v="Space Frame Auditorium"/>
 </way>
 <way id="755264610" visible="true" version="3" changeset="162376328" timestamp="2025-02-11T05:31:55Z" user="krishnaprasath" uid="22484704">
  <nd ref="7055147781"/>
  <nd ref="12578111781"/>
  <nd ref="12578111773"/>
  <nd ref="7055147782"/>
  <nd ref="7055147783"/>
  <nd ref="7055147784"/>
  <nd ref="7055147785"/>
  <nd ref="7055147786"/>
  <nd ref="7055147781"/>
  <tag k="building" v="college"/>
  <tag k="building:levels" v="3"/>
  <tag k="name" v="Department of Information Technology"/>
 </way>
 <way id="755264611" visible="true" version="1" changeset="78385600" timestamp="2019-12-13T16:53:03Z" user="Ti_Ru" uid="7575709">
  <nd ref="7055147787"/>
  <nd ref="7055147788"/>
  <nd ref="7055147789"/>
  <nd ref="7055147790"/>
  <nd ref="7055147791"/>
  <nd ref="7055147792"/>
  <nd ref="7055147793"/>
  <nd ref="7055147794"/>
  <nd ref="7055147795"/>
  <nd ref="7055147796"/>
  <nd ref="7055147797"/>
  <nd ref="7055147798"/>
  <nd ref="7055147799"/>
  <nd ref="7055147800"/>
  <nd ref="7055147801"/>
  <nd ref="7055147802"/>
  <nd ref="7055147787"/>
  <tag k="building" v="college"/>
  <tag k="name" v="Department of Computer Science"/>
 </way>
 <way id="755264612" visible="true" version="1" changeset="78385600" timestamp="2019-12-13T16:53:03Z" user="Ti_Ru" uid="7575709">
  <nd ref="7055147803"/>
  <nd ref="7055147804"/>
  <nd ref="7055147808"/>
  <nd ref="7055147805"/>
  <nd ref="7055147803"/>
  <tag k="building" v="college"/>
  <tag k="name" v="Department of Electronics and Communication"/>
 </way>
 <way id="755264613" visible="true" version="1" changeset="78385600" timestamp="2019-12-13T16:53:03Z" user="Ti_Ru" uid="7575709">
  <nd ref="7055147810"/>
  <nd ref="7055147811"/>
  <nd ref="7055147812"/>
  <nd ref="7055147813"/>
  <nd ref="7055147810"/>
  <tag k="building" v="college"/>
  <tag k="name" v="Department of Electronics and Communication"/>
 </way>
 <way id="755264614" visible="true" version="1" changeset="78385600" timestamp="2019-12-13T16:53:03Z" user="Ti_Ru" uid="7575709">
  <nd ref="7055147814"/>
  <nd ref="7055147815"/>
  <nd ref="7055147816"/>
  <nd ref="7055147817"/>
  <nd ref="7055147814"/>
  <tag k="building" v="college"/>
  <tag k="name" v="KS Auditorium"/>
 </way>
 <way id="755264615" visible="true" version="2" changeset="165501061" timestamp="2025-04-27T11:24:37Z" user="Diravia Sundaram" uid="22837863">
  <nd ref="7055147818"/>
  <nd ref="7055147819"/>
  <nd ref="7055147820"/>
  <nd ref="7055147821"/>
  <nd ref="7055147818"/>
  <tag k="building" v="college"/>
  <tag k="name" v="KM Auditorium(New)"/>
 </way>
 <way id="755264616" visible="true" version="1" changeset="78385600" timestamp="2019-12-13T16:53:03Z" user="Ti_Ru" uid="7575709">
  <nd ref="7055147822"/>
  <nd ref="7055147823"/>
  <nd ref="7055147824"/>
  <nd ref="7055147825"/>
  <nd ref="7055147822"/>
  <tag k="building" v="college"/>
  <tag k="name" v="Department of Electrical and Electronics"/>
 </way>
 <way id="755264617" visible="true" version="3" changeset="162376328" timestamp="2025-02-11T05:31:55Z" user="krishnaprasath" uid="22484704">
  <nd ref="7055147826"/>
  <nd ref="12578198415"/>
  <nd ref="7055147827"/>
  <nd ref="7055147828"/>
  <nd ref="7055147829"/>
  <nd ref="7055147826"/>
  <tag k="building" v="college"/>
  <tag k="name" v="Department of Civil Engineering"/>
 </way>
 <way id="755264619" visible="true" version="1" changeset="78385600" timestamp="2019-12-13T16:53:03Z" user="Ti_Ru" uid="7575709">
  <nd ref="7055147838"/>
  <nd ref="7055147839"/>
  <nd ref="7055147840"/>
  <nd ref="7055147841"/>
  <nd ref="7055147838"/>
  <tag k="building" v="college"/>
  <tag k="name" v="B-Halls"/>
 </way>
 <way id="755264622" visible="true" version="2" changeset="162376328" timestamp="2025-02-11T05:31:55Z" user="krishnaprasath" uid="22484704">
  <nd ref="7055147850"/>
  <nd ref="7055147851"/>
  <nd ref="7055147852"/>
  <nd ref="7055147853"/>
  <nd ref="12578111771"/>
  <nd ref="7055147850"/>
  <tag k="building" v="college"/>
  <tag k="name" v="Library"/>
 </way>
 <way id="755264623" visible="true" version="2" changeset="162376328" timestamp="2025-02-11T05:31:55Z" user="krishnaprasath" uid="22484704">
  <nd ref="7055147854"/>
  <nd ref="7055147855"/>
  <nd ref="7055147856"/>
  <nd ref="12578111786"/>
  <nd ref="7055147857"/>
  <nd ref="12578111799"/>
  <nd ref="7055147873"/>
  <nd ref="7055147872"/>
  <nd ref="12578111785"/>
  <nd ref="7055147870"/>
  <nd ref="7055147871"/>
  <nd ref="7055147854"/>
  <tag k="building" v="college"/>
  <tag k="layer" v="-2"/>
  <tag k="name" v="M-Halls"/>
 </way>
 <way id="755264624" visible="true" version="2" changeset="162376328" timestamp="2025-02-11T05:31:55Z" user="krishnaprasath" uid="22484704">
  <nd ref="7055147858"/>
  <nd ref="12578111787"/>
  <nd ref="7055147859"/>
  <nd ref="7055147860"/>
  <nd ref="7055147861"/>
  <nd ref="12578111789"/>
  <nd ref="7055147858"/>
  <tag k="building" v="college"/>
  <tag k="name" v="Department of Mechanical Engineering"/>
 </way>
 <way id="755264625" visible="true" version="1" changeset="78385600" timestamp="2019-12-13T16:53:03Z" user="Ti_Ru" uid="7575709">
  <nd ref="7055147862"/>
  <nd ref="7055147863"/>
  <nd ref="7055147864"/>
  <nd ref="7055147865"/>
  <nd ref="7055147862"/>
  <tag k="building" v="college"/>
 </way>
 <way id="755264626" visible="true" version="1" changeset="78385600" timestamp="2019-12-13T16:53:03Z" user="Ti_Ru" uid="7575709">
  <nd ref="7055147866"/>
  <nd ref="7055147867"/>
  <nd ref="7055147868"/>
  <nd ref="7055147869"/>
  <nd ref="7055147866"/>
  <tag k="building" v="college"/>
 </way>
 <way id="755264627" visible="true" version="1" changeset="78385600" timestamp="2019-12-13T16:53:03Z" user="Ti_Ru" uid="7575709">
  <nd ref="7055147874"/>
  <nd ref="7055147884"/>
  <nd ref="7055147885"/>
  <nd ref="7055147886"/>
  <nd ref="7055147887"/>
  <nd ref="7055147888"/>
  <nd ref="7055147889"/>
  <nd ref="7055147890"/>
  <nd ref="7055147881"/>
  <nd ref="7055147879"/>
  <nd ref="7055147882"/>
  <nd ref="7055147883"/>
  <nd ref="7055147880"/>
  <nd ref="7055147875"/>
  <nd ref="7055147876"/>
  <nd ref="7055147877"/>
  <nd ref="7055147874"/>
  <tag k="building" v="college"/>
  <tag k="name" v="I-Halls"/>
 </way>
 <way id="755264628" visible="true" version="1" changeset="78385600" timestamp="2019-12-13T16:53:03Z" user="Ti_Ru" uid="7575709">
  <nd ref="7055147891"/>
  <nd ref="7055147892"/>
  <nd ref="7055147893"/>
  <nd ref="7055147894"/>
  <nd ref="7055147891"/>
  <tag k="amenity" v="parking"/>
  <tag k="fee" v="no"/>
  <tag k="surface" v="asphalt"/>
 </way>
 <way id="755264629" visible="true" version="3" changeset="162376328" timestamp="2025-02-11T05:31:55Z" user="krishnaprasath" uid="22484704">
  <nd ref="7055147896"/>
  <nd ref="7055147897"/>
  <nd ref="12578198407"/>
  <nd ref="9393493068"/>
  <nd ref="7055147898"/>
  <nd ref="7055147899"/>
  <nd ref="7055147896"/>
  <tag k="amenity" v="food_court"/>
  <tag k="building" v="yes"/>
 </way>
 <way id="755264630" visible="true" version="1" changeset="78385600" timestamp="2019-12-13T16:53:03Z" user="Ti_Ru" uid="7575709">
  <nd ref="7055147900"/>
  <nd ref="7055147901"/>
  <nd ref="7055147902"/>
  <nd ref="7055147903"/>
  <nd ref="7055147904"/>
  <nd ref="7055147905"/>
  <nd ref="7055147906"/>
  <nd ref="7055147907"/>
  <nd ref="7055147900"/>
  <tag k="amenity" v="food_court"/>
  <tag k="building" v="yes"/>
  <tag k="name" v="Main Canteen"/>
 </way>
 <way id="755264631" visible="true" version="1" changeset="78385600" timestamp="2019-12-13T16:53:03Z" user="Ti_Ru" uid="7575709">
  <nd ref="7055147908"/>
  <nd ref="7055147909"/>
  <nd ref="7055147910"/>
  <nd ref="7055147911"/>
  <nd ref="7055147908"/>
  <tag k="amenity" v="bank"/>
  <tag k="building" v="yes"/>
 </way>
 <way id="755264632" visible="true" version="1" changeset="78385600" timestamp="2019-12-13T16:53:03Z" user="Ti_Ru" uid="7575709">
  <nd ref="7055147912"/>
  <nd ref="7055147913"/>
  <nd ref="7055147914"/>
  <nd ref="7055147915"/>
  <nd ref="7055147912"/>
  <tag k="building" v="college"/>
 </way>
 <way id="755264633" visible="true" version="1" changeset="78385600" timestamp="2019-12-13T16:53:03Z" user="Ti_Ru" uid="7575709">
  <nd ref="7055147916"/>
  <nd ref="7055147917"/>
  <nd ref="7055147918"/>
  <nd ref="7055147919"/>
  <nd ref="7055147916"/>
  <tag k="building" v="college"/>
 </way>
 <way id="755264634" visible="true" version="2" changeset="134860490" timestamp="2023-04-13T12:14:19Z" user="Ti_Ru" uid="7575709">
  <nd ref="7055147920"/>
  <nd ref="7055147921"/>
  <nd ref="7055147922"/>
  <tag k="highway" v="service"/>
 </way>
 <way id="755264635" visible="true" version="9" changeset="179028028" timestamp="2026-02-25T09:58:44Z" user="Shriraam" uid="23868703">
  <nd ref="7055147923"/>
  <nd ref="7553428022"/>
  <nd ref="7055147924"/>
  <nd ref="7055147925"/>
  <nd ref="7055147926"/>
  <nd ref="7055147927"/>
  <nd ref="7553428021"/>
  <nd ref="7055147928"/>
  <nd ref="7055147929"/>
  <nd ref="7055147930"/>
  <nd ref="7055147931"/>
  <nd ref="7055147932"/>
  <nd ref="7055147933"/>
  <nd ref="7055147934"/>
  <nd ref="7055147935"/>
  <nd ref="7055147936"/>
  <nd ref="7055147937"/>
  <nd ref="7055147953"/>
  <nd ref="7055147954"/>
  <nd ref="7055147955"/>
  <nd ref="7055147956"/>
  <nd ref="7055147957"/>
  <nd ref="10853234117"/>
  <nd ref="10853234116"/>
  <nd ref="7055147978"/>
  <nd ref="7055147938"/>
  <nd ref="7055147979"/>
  <nd ref="7055147980"/>
  <nd ref="7055147981"/>
  <nd ref="7055147982"/>
  <nd ref="7055147974"/>
  <nd ref="7055147975"/>
  <nd ref="7055147976"/>
  <nd ref="7055147977"/>
  <nd ref="7055147972"/>
  <nd ref="7055147969"/>
  <nd ref="7055147968"/>
  <nd ref="7055147963"/>
  <nd ref="7055147962"/>
  <nd ref="7055147961"/>
  <nd ref="7055147959"/>
  <nd ref="7055147960"/>
  <nd ref="7055147958"/>
  <nd ref="7055147964"/>
  <nd ref="7055147965"/>
  <nd ref="7055147966"/>
  <nd ref="7055147990"/>
  <nd ref="7055147989"/>
  <nd ref="7055147988"/>
  <nd ref="7055147985"/>
  <nd ref="7055147986"/>
  <nd ref="7055147987"/>
  <nd ref="7055147984"/>
  <nd ref="7055148009"/>
  <nd ref="7055147983"/>
  <nd ref="7055148008"/>
  <nd ref="7055147939"/>
  <nd ref="7055147940"/>
  <nd ref="7055147941"/>
  <nd ref="7055147942"/>
  <nd ref="7055147943"/>
  <nd ref="7055147944"/>
  <nd ref="7055147945"/>
  <nd ref="7055147946"/>
  <nd ref="7055147947"/>
  <nd ref="7055147948"/>
  <nd ref="13597653966"/>
  <nd ref="7055147949"/>
  <nd ref="7055148004"/>
  <nd ref="7055148000"/>
  <nd ref="7055147998"/>
  <nd ref="7055147999"/>
  <nd ref="7055147995"/>
  <nd ref="7055147993"/>
  <nd ref="7055147992"/>
  <nd ref="7055147994"/>
  <nd ref="7055147950"/>
  <nd ref="7055147997"/>
  <nd ref="7055147996"/>
  <nd ref="7055148001"/>
  <nd ref="7080040571"/>
  <nd ref="7080040574"/>
  <nd ref="7080040572"/>
  <nd ref="7080040573"/>
  <nd ref="7055148002"/>
  <nd ref="7080040570"/>
  <nd ref="7080040569"/>
  <nd ref="7080040568"/>
  <nd ref="7080040566"/>
  <nd ref="7080040567"/>
  <nd ref="7055148003"/>
  <nd ref="7080040564"/>
  <nd ref="7055148005"/>
  <nd ref="7055148006"/>
  <nd ref="7055147991"/>
  <nd ref="7080040565"/>
  <nd ref="7055147951"/>
  <nd ref="7055147952"/>
  <nd ref="7055147923"/>
  <tag k="addr:city" v="Madurai"/>
  <tag k="addr:postcode" v="625015"/>
  <tag k="amenity" v="college"/>
  <tag k="name" v="Thiagarajar Poriyiyal Kalloori"/>
  <tag k="name:en" v="Thiagarajar College of Engineering"/>
  <tag k="name:etymology:wikidata" v="Q6373649"/>
  <tag k="name:ta" v="தியாகராஜர் பொறியியல் கல்லூரி"/>
  <tag k="start_date" v="1957"/>
  <tag k="website" v="https://www.tce.edu/"/>
  <tag k="wikidata" v="Q7783820"/>
  <tag k="wikipedia" v="en:Thiagarajar College of Engineering"/>
 </way>
 <way id="758133415" visible="true" version="4" changeset="135434692" timestamp="2023-04-27T16:08:19Z" user="gbas" uid="19080331">
  <nd ref="7080040576"/>
  <nd ref="7080040577"/>
  <nd ref="7080040578"/>
  <nd ref="10807445287"/>
  <nd ref="7080040579"/>
  <nd ref="7080040580"/>
  <nd ref="7080040581"/>
  <nd ref="7080040582"/>
  <nd ref="10807445226"/>
  <nd ref="10807445227"/>
  <nd ref="10807445228"/>
  <nd ref="10807445229"/>
  <nd ref="10807445230"/>
  <nd ref="10846678111"/>
  <nd ref="7080040583"/>
  <nd ref="7080040584"/>
  <nd ref="10807445231"/>
  <nd ref="10807445232"/>
  <nd ref="10807445233"/>
  <nd ref="10807445234"/>
  <nd ref="10807445235"/>
  <nd ref="10807445236"/>
  <nd ref="7080040585"/>
  <nd ref="7080040586"/>
  <nd ref="7080040587"/>
  <nd ref="7080040588"/>
  <nd ref="7080040589"/>
  <nd ref="7080040590"/>
  <nd ref="7080040591"/>
  <nd ref="7080040592"/>
  <nd ref="7080040593"/>
  <nd ref="7080040594"/>
  <nd ref="7080040595"/>
  <nd ref="7080040596"/>
  <nd ref="7080040597"/>
  <nd ref="7080040598"/>
  <nd ref="7080040599"/>
  <nd ref="7080040600"/>
  <nd ref="7080040601"/>
  <nd ref="7080040602"/>
  <nd ref="7080040603"/>
  <nd ref="7080040604"/>
  <nd ref="7080040605"/>
  <nd ref="7080040606"/>
  <nd ref="7080040607"/>
  <nd ref="7080040608"/>
  <nd ref="7080040609"/>
  <nd ref="7080040610"/>
  <nd ref="7080040611"/>
  <nd ref="7080040612"/>
  <nd ref="7080040613"/>
  <nd ref="7080040614"/>
  <nd ref="7080040615"/>
  <nd ref="7080040616"/>
  <nd ref="7080040617"/>
  <nd ref="7080040618"/>
  <nd ref="7080040624"/>
  <nd ref="7080040623"/>
  <nd ref="7080040622"/>
  <nd ref="7080040619"/>
  <nd ref="7080040621"/>
  <nd ref="7080040620"/>
  <nd ref="7080040576"/>
 </way>
 <way id="807730757" visible="true" version="1" changeset="85677199" timestamp="2020-05-24T10:15:19Z" user="Ti_Ru" uid="7575709">
  <nd ref="7553427995"/>
  <nd ref="7553427996"/>
  <nd ref="7553427997"/>
  <nd ref="7553427998"/>
  <nd ref="7553427995"/>
  <tag k="leisure" v="pitch"/>
  <tag k="sport" v="basketball"/>
 </way>
 <way id="807730758" visible="true" version="2" changeset="162376328" timestamp="2025-02-11T05:31:55Z" user="krishnaprasath" uid="22484704">
  <nd ref="7553427999"/>
  <nd ref="7553428000"/>
  <nd ref="7553428001"/>
  <nd ref="7553428003"/>
  <nd ref="7553428002"/>
  <nd ref="12578198430"/>
  <nd ref="7553427999"/>
  <tag k="leisure" v="pitch"/>
  <tag k="sport" v="tennis"/>
 </way>
 <way id="807730759" visible="true" version="1" changeset="85677199" timestamp="2020-05-24T10:15:19Z" user="Ti_Ru" uid="7575709">
  <nd ref="7553428003"/>
  <nd ref="7553428004"/>
  <nd ref="7553428005"/>
  <nd ref="7553428006"/>
  <nd ref="7553428003"/>
  <tag k="leisure" v="pitch"/>
  <tag k="sport" v="tennis"/>
 </way>
 <way id="807730760" visible="true" version="1" changeset="85677199" timestamp="2020-05-24T10:15:19Z" user="Ti_Ru" uid="7575709">
  <nd ref="7553428008"/>
  <nd ref="7553428009"/>
  <nd ref="7553428010"/>
  <nd ref="7553428011"/>
  <nd ref="7553428008"/>
  <tag k="amenity" v="fountain"/>
 </way>
 <way id="807730762" visible="true" version="1" changeset="85677199" timestamp="2020-05-24T10:15:19Z" user="Ti_Ru" uid="7575709">
  <nd ref="7553428035"/>
  <nd ref="7553428036"/>
  <nd ref="7553428037"/>
  <nd ref="7553428038"/>
  <nd ref="7553428039"/>
  <nd ref="7553428040"/>
  <nd ref="7553428041"/>
  <nd ref="7553428042"/>
  <nd ref="7553428024"/>
  <nd ref="7553428025"/>
  <nd ref="7553428028"/>
  <nd ref="7553428029"/>
  <nd ref="7553428030"/>
  <nd ref="7553428031"/>
  <nd ref="7553428032"/>
  <nd ref="7553428033"/>
  <nd ref="7553428034"/>
  <nd ref="7553428026"/>
  <nd ref="7553428027"/>
  <nd ref="7553428035"/>
  <tag k="amenity" v="fountain"/>
 </way>
 <way id="807730763" visible="true" version="1" changeset="85677199" timestamp="2020-05-24T10:15:19Z" user="Ti_Ru" uid="7575709">
  <nd ref="7553428054"/>
  <nd ref="7553428055"/>
  <nd ref="7553428056"/>
  <nd ref="7553428057"/>
  <nd ref="7553428058"/>
  <nd ref="7553428059"/>
  <nd ref="7553428060"/>
  <nd ref="7553428061"/>
  <nd ref="7553428043"/>
  <nd ref="7553428044"/>
  <nd ref="7553428047"/>
  <nd ref="7553428048"/>
  <nd ref="7553428049"/>
  <nd ref="7553428050"/>
  <nd ref="7553428051"/>
  <nd ref="7553428052"/>
  <nd ref="7553428053"/>
  <nd ref="7553428045"/>
  <nd ref="7553428046"/>
  <nd ref="7553428054"/>
  <tag k="landuse" v="grass"/>
 </way>
 <way id="807730764" visible="true" version="1" changeset="85677199" timestamp="2020-05-24T10:15:19Z" user="Ti_Ru" uid="7575709">
  <nd ref="7553428062"/>
  <nd ref="7553428063"/>
  <nd ref="7553428064"/>
  <nd ref="7553428065"/>
  <nd ref="7553428062"/>
  <tag k="landuse" v="grass"/>
 </way>
 <way id="807730765" visible="true" version="1" changeset="85677199" timestamp="2020-05-24T10:15:19Z" user="Ti_Ru" uid="7575709">
  <nd ref="7553428066"/>
  <nd ref="7553428067"/>
  <nd ref="7553428068"/>
  <nd ref="7553428069"/>
  <nd ref="7553428066"/>
  <tag k="landuse" v="grass"/>
 </way>
 <way id="807730766" visible="true" version="1" changeset="85677199" timestamp="2020-05-24T10:15:19Z" user="Ti_Ru" uid="7575709">
  <nd ref="7553428070"/>
  <nd ref="7553428071"/>
  <nd ref="7553428072"/>
  <nd ref="7553428073"/>
  <nd ref="7553428074"/>
  <nd ref="7553428075"/>
  <nd ref="7553428070"/>
  <tag k="building" v="college"/>
  <tag k="name" v="LR Halls"/>
 </way>
 <way id="807730767" visible="true" version="1" changeset="85677199" timestamp="2020-05-24T10:15:19Z" user="Ti_Ru" uid="7575709">
  <nd ref="7553428076"/>
  <nd ref="7553428077"/>
  <nd ref="7553428078"/>
  <nd ref="7553428079"/>
  <nd ref="7553428076"/>
  <tag k="building" v="yes"/>
  <tag k="name" v="TS Srinivasan Center for Automotive Research"/>
  <tag k="office" v="research"/>
  <tag k="wheelchair" v="yes"/>
 </way>
 <way id="809926337" visible="true" version="2" changeset="128517151" timestamp="2022-11-05T11:42:46Z" user="harshavardhan200604tt" uid="17587423">
  <nd ref="7572270264"/>
  <nd ref="7572270265"/>
  <nd ref="7572270266"/>
  <nd ref="7572270267"/>
  <nd ref="10159209068"/>
  <nd ref="10159209069"/>
  <nd ref="7572270268"/>
  <nd ref="7572270269"/>
  <nd ref="7572270270"/>
  <nd ref="7572270271"/>
  <nd ref="7572270272"/>
  <nd ref="7572270273"/>
  <nd ref="7572270264"/>
  <tag k="addr:city" v="Madurai"/>
  <tag k="addr:postcode" v="625015"/>
  <tag k="building" v="yes"/>
  <tag k="internet_access" v="yes"/>
  <tag k="name" v="B block"/>
  <tag k="operator" v="Thiagarajar college of Engineering, Madurai"/>
  <tag k="smoking" v="no"/>
  <tag k="tourism" v="hostel"/>
 </way>
 <way id="809926338" visible="true" version="3" changeset="134860490" timestamp="2023-04-13T12:14:19Z" user="Ti_Ru" uid="7575709">
  <nd ref="7572270274"/>
  <nd ref="7572270275"/>
  <nd ref="7572270276"/>
  <nd ref="7572270277"/>
  <nd ref="10159209067"/>
  <nd ref="10159209066"/>
  <nd ref="7572270278"/>
  <nd ref="7572270279"/>
  <nd ref="7572270280"/>
  <nd ref="7572270281"/>
  <nd ref="7572270282"/>
  <nd ref="7572270283"/>
  <nd ref="7572270274"/>
  <tag k="addr:city" v="Madurai"/>
  <tag k="addr:postcode" v="625015"/>
  <tag k="building" v="yes"/>
  <tag k="internet_access" v="yes"/>
  <tag k="name" v="C Block"/>
  <tag k="operator" v="Thiagarajar college of Engineering, Madurai"/>
  <tag k="smoking" v="no"/>
  <tag k="tourism" v="hostel"/>
 </way>
 <way id="809926339" visible="true" version="2" changeset="128517151" timestamp="2022-11-05T11:42:46Z" user="harshavardhan200604tt" uid="17587423">
  <nd ref="7572270284"/>
  <nd ref="7572301985"/>
  <nd ref="7572301986"/>
  <nd ref="7572301987"/>
  <nd ref="10159209063"/>
  <nd ref="10159209062"/>
  <nd ref="7572301988"/>
  <nd ref="7572301989"/>
  <nd ref="7572301990"/>
  <nd ref="7572301991"/>
  <nd ref="7572301992"/>
  <nd ref="7572301993"/>
  <nd ref="7572270284"/>
  <tag k="addr:city" v="Madurai"/>
  <tag k="addr:postcode" v="625015"/>
  <tag k="building" v="yes"/>
  <tag k="internet_access" v="yes"/>
  <tag k="name" v="D block"/>
  <tag k="operator" v="Thiagarajar college of Engineering, Madurai"/>
  <tag k="smoking" v="no"/>
  <tag k="tourism" v="hostel"/>
 </way>
 <way id="809926340" visible="true" version="2" changeset="134860490" timestamp="2023-04-13T12:14:19Z" user="Ti_Ru" uid="7575709">
  <nd ref="7572301994"/>
  <nd ref="7572301995"/>
  <nd ref="7572301996"/>
  <nd ref="7572301997"/>
  <nd ref="7572301998"/>
  <nd ref="7572301999"/>
  <nd ref="7572302000"/>
  <nd ref="7572302003"/>
  <nd ref="7572302001"/>
  <nd ref="7572302002"/>
  <nd ref="7572301994"/>
  <tag k="addr:city" v="Madurai"/>
  <tag k="addr:postcode" v="625015"/>
  <tag k="building" v="yes"/>
  <tag k="internet_access" v="yes"/>
  <tag k="operator" v="Thiagarajar college of Engineering, Madurai"/>
  <tag k="smoking" v="no"/>
  <tag k="tourism" v="hostel"/>
 </way>
 <way id="809926341" visible="true" version="2" changeset="134860490" timestamp="2023-04-13T12:14:19Z" user="Ti_Ru" uid="7575709">
  <nd ref="7572302004"/>
  <nd ref="7572302005"/>
  <nd ref="7572302006"/>
  <nd ref="7572302007"/>
  <nd ref="7572302008"/>
  <nd ref="7572302009"/>
  <nd ref="7572302010"/>
  <nd ref="7572302011"/>
  <nd ref="7572302012"/>
  <nd ref="7572302013"/>
  <nd ref="7572302004"/>
  <tag k="addr:city" v="Madurai"/>
  <tag k="addr:postcode" v="625015"/>
  <tag k="building" v="yes"/>
  <tag k="internet_access" v="yes"/>
  <tag k="operator" v="Thiagarajar college of Engineering, Madurai"/>
  <tag k="smoking" v="no"/>
  <tag k="tourism" v="hostel"/>
 </way>
 <way id="809926342" visible="true" version="2" changeset="134860490" timestamp="2023-04-13T12:14:19Z" user="Ti_Ru" uid="7575709">
  <nd ref="7572302014"/>
  <nd ref="7572302015"/>
  <nd ref="7572302016"/>
  <nd ref="7572302017"/>
  <nd ref="7572302014"/>
  <tag k="addr:city" v="Madurai"/>
  <tag k="addr:postcode" v="625015"/>
  <tag k="building" v="yes"/>
  <tag k="internet_access" v="yes"/>
  <tag k="operator" v="Thiagarajar college of Engineering, Madurai"/>
  <tag k="smoking" v="no"/>
  <tag k="tourism" v="hostel"/>
 </way>
 <way id="809926343" visible="true" version="2" changeset="128517151" timestamp="2022-11-05T11:42:46Z" user="harshavardhan200604tt" uid="17587423">
  <nd ref="7572302018"/>
  <nd ref="7572302019"/>
  <nd ref="7572302020"/>
  <nd ref="10159209064"/>
  <nd ref="10159209065"/>
  <nd ref="7572302021"/>
  <nd ref="7572302018"/>
  <tag k="addr:city" v="Madurai"/>
  <tag k="addr:postcode" v="625015"/>
  <tag k="building" v="yes"/>
  <tag k="internet_access" v="yes"/>
  <tag k="name" v="E block"/>
  <tag k="operator" v="Thiagarajar college of Engineering, Madurai"/>
  <tag k="smoking" v="no"/>
  <tag k="tourism" v="hostel"/>
 </way>
 <way id="809926344" visible="true" version="2" changeset="162376328" timestamp="2025-02-11T05:31:55Z" user="krishnaprasath" uid="22484704">
  <nd ref="7572302022"/>
  <nd ref="7572302023"/>
  <nd ref="7572302024"/>
  <nd ref="12578198420"/>
  <nd ref="7572302025"/>
  <nd ref="7572302022"/>
  <tag k="building" v="college"/>
  <tag k="name" v="Guest House"/>
 </way>
 <way id="809926345" visible="true" version="2" changeset="162376328" timestamp="2025-02-11T05:31:55Z" user="krishnaprasath" uid="22484704">
  <nd ref="7572302026"/>
  <nd ref="12578198422"/>
  <nd ref="7572302027"/>
  <nd ref="7572302028"/>
  <nd ref="7572302029"/>
  <nd ref="7572302026"/>
  <tag k="building" v="college"/>
  <tag k="name" v="Placement Building"/>
 </way>
 <way id="809926346" visible="true" version="2" changeset="134860490" timestamp="2023-04-13T12:14:19Z" user="Ti_Ru" uid="7575709">
  <nd ref="7572302030"/>
  <nd ref="7572302031"/>
  <nd ref="7572302032"/>
  <nd ref="7572302033"/>
  <nd ref="7572302030"/>
  <tag k="addr:city" v="Madurai"/>
  <tag k="addr:postcode" v="625015"/>
  <tag k="building" v="yes"/>
  <tag k="internet_access" v="yes"/>
  <tag k="operator" v="Thiagarajar college of Engineering, Madurai"/>
  <tag k="smoking" v="no"/>
  <tag k="tourism" v="hostel"/>
 </way>
 <way id="809926348" visible="true" version="2" changeset="134860490" timestamp="2023-04-13T12:14:19Z" user="Ti_Ru" uid="7575709">
  <nd ref="10807445260"/>
  <nd ref="10807445261"/>
  <nd ref="10807445262"/>
  <nd ref="10807445263"/>
  <nd ref="10807445264"/>
  <nd ref="10807445265"/>
  <nd ref="10807445266"/>
  <nd ref="10807445267"/>
  <nd ref="7572302042"/>
  <nd ref="7572302043"/>
  <nd ref="7572302044"/>
  <nd ref="10807445268"/>
  <nd ref="10807445260"/>
  <tag k="amenity" v="school"/>
  <tag k="name" v="கேந்திரிய வித்யாலயா பள்ளி"/>
  <tag k="name:en" v="Kendriya Vidyalaya School"/>
 </way>
 <way id="809926357" visible="true" version="2" changeset="134860490" timestamp="2023-04-13T12:14:19Z" user="Ti_Ru" uid="7575709">
  <nd ref="10807445237"/>
  <nd ref="10807445238"/>
  <nd ref="10807445239"/>
  <nd ref="10807445240"/>
  <nd ref="10807445241"/>
  <nd ref="10807445242"/>
  <nd ref="10807445243"/>
  <nd ref="10807445244"/>
  <nd ref="10807445245"/>
  <nd ref="10807445246"/>
  <nd ref="10807445247"/>
  <nd ref="10807445248"/>
  <nd ref="10807445249"/>
  <nd ref="10807445250"/>
  <nd ref="10807445251"/>
  <nd ref="10807445252"/>
  <nd ref="10807445237"/>
  <tag k="natural" v="scrub"/>
 </way>
 <way id="809926374" visible="true" version="1" changeset="85978313" timestamp="2020-05-30T10:59:03Z" user="Ti_Ru" uid="7575709">
  <nd ref="7572302269"/>
  <nd ref="7572302270"/>
  <nd ref="7572302271"/>
  <nd ref="7572302272"/>
  <nd ref="7572302269"/>
  <tag k="building" v="college"/>
 </way>
 <way id="809926375" visible="true" version="1" changeset="85978313" timestamp="2020-05-30T10:59:03Z" user="Ti_Ru" uid="7575709">
  <nd ref="7572302273"/>
  <nd ref="7572302274"/>
  <nd ref="7572302275"/>
  <nd ref="7572302276"/>
  <nd ref="7572302273"/>
  <tag k="building" v="college"/>
 </way>
 <way id="809926376" visible="true" version="1" changeset="85978313" timestamp="2020-05-30T10:59:03Z" user="Ti_Ru" uid="7575709">
  <nd ref="7572302277"/>
  <nd ref="7572302278"/>
  <nd ref="7572302279"/>
  <nd ref="7572302280"/>
  <nd ref="7572302277"/>
  <tag k="building" v="college"/>
 </way>
 <way id="809926377" visible="true" version="1" changeset="85978313" timestamp="2020-05-30T10:59:03Z" user="Ti_Ru" uid="7575709">
  <nd ref="7572302281"/>
  <nd ref="7572302282"/>
  <nd ref="7572302283"/>
  <nd ref="7572302284"/>
  <nd ref="7572302281"/>
  <tag k="building" v="college"/>
 </way>
 <way id="809926378" visible="true" version="2" changeset="162376328" timestamp="2025-02-11T05:31:55Z" user="krishnaprasath" uid="22484704">
  <nd ref="7572302285"/>
  <nd ref="12578198424"/>
  <nd ref="7572302286"/>
  <nd ref="7572302287"/>
  <nd ref="7572302288"/>
  <nd ref="7572302285"/>
  <tag k="building" v="college"/>
 </way>
 <way id="1074509127" visible="true" version="2" changeset="135479832" timestamp="2023-04-28T18:11:23Z" user="gbas" uid="19080331">
  <nd ref="4933102741"/>
  <nd ref="9855686910"/>
  <nd ref="9855686911"/>
  <nd ref="9855686912"/>
  <nd ref="9855686913"/>
  <nd ref="9855686914"/>
  <nd ref="9855686915"/>
  <nd ref="10853254373"/>
  <nd ref="9855686916"/>
  <nd ref="10853254375"/>
  <nd ref="10853254374"/>
  <tag k="highway" v="residential"/>
  <tag k="source" v="maxar"/>
 </way>
 <way id="1074509128" visible="true" version="2" changeset="135479832" timestamp="2023-04-28T18:11:23Z" user="gbas" uid="19080331">
  <nd ref="10853254362"/>
  <nd ref="9855686911"/>
  <nd ref="10853254372"/>
  <nd ref="9855728817"/>
  <nd ref="10853254377"/>
  <nd ref="10853254378"/>
  <nd ref="10853254376"/>
  <nd ref="10853254379"/>
  <tag k="highway" v="residential"/>
  <tag k="source" v="maxar"/>
 </way>
 <way id="1074509129" visible="true" version="2" changeset="135479832" timestamp="2023-04-28T18:11:23Z" user="gbas" uid="19080331">
  <nd ref="10853254361"/>
  <nd ref="9855686910"/>
  <nd ref="9855728818"/>
  <nd ref="10853254405"/>
  <nd ref="10853254404"/>
  <nd ref="10853254383"/>
  <nd ref="10853254406"/>
  <nd ref="10853254392"/>
  <nd ref="10853254403"/>
  <nd ref="10853254402"/>
  <nd ref="10853254401"/>
  <tag k="highway" v="residential"/>
  <tag k="source" v="maxar"/>
 </way>
 <way id="1110501981" visible="true" version="2" changeset="161845353" timestamp="2025-01-28T06:57:46Z" user="user_14062769" uid="14062769">
  <nd ref="10159209058"/>
  <nd ref="10159209059"/>
  <nd ref="10159209060"/>
  <nd ref="10159209061"/>
  <nd ref="10159209058"/>
  <tag k="access" v="permissive"/>
  <tag k="leisure" v="pitch"/>
  <tag k="name" v="Trotters Ground"/>
  <tag k="sport" v="soccer"/>
  <tag k="surface" v="ground"/>
 </way>
 <way id="1110501982" visible="true" version="1" changeset="128517151" timestamp="2022-11-05T11:42:46Z" user="harshavardhan200604tt" uid="17587423">
  <nd ref="10159209072"/>
  <nd ref="10159209073"/>
  <nd ref="10159209074"/>
  <nd ref="10159209075"/>
  <nd ref="10159209076"/>
  <nd ref="10159209077"/>
  <nd ref="10159209078"/>
  <nd ref="10159209079"/>
  <nd ref="10159209080"/>
  <nd ref="10159209081"/>
  <nd ref="10159209072"/>
  <tag k="addr:city" v="Madurai"/>
  <tag k="addr:postcode" v="625015"/>
  <tag k="building" v="college"/>
  <tag k="building:levels" v="4"/>
  <tag k="name" v="Mechatronics Department"/>
 </way>
 <way id="1162059028" visible="true" version="3" changeset="135459332" timestamp="2023-04-28T09:13:51Z" user="Ti_Ru" uid="7575709">
  <nd ref="5929160659"/>
  <nd ref="2517275638"/>
  <nd ref="2517275641"/>
  <nd ref="10846678425"/>
  <nd ref="10846678426"/>
  <nd ref="2517275634"/>
  <nd ref="10846678424"/>
  <nd ref="10846678423"/>
  <nd ref="2517275633"/>
  <nd ref="10846678422"/>
  <nd ref="2517275632"/>
  <nd ref="2517275631"/>
  <nd ref="2517275630"/>
  <nd ref="2517275628"/>
  <nd ref="2517275627"/>
  <nd ref="2517275625"/>
  <nd ref="2517275622"/>
  <nd ref="2517275621"/>
  <nd ref="7572302096"/>
  <nd ref="2517275620"/>
  <nd ref="2517275619"/>
  <nd ref="2517275618"/>
  <nd ref="2517275617"/>
  <nd ref="2517275616"/>
  <nd ref="2517275615"/>
  <nd ref="2517275614"/>
  <nd ref="2517275613"/>
  <nd ref="2517275612"/>
  <tag k="highway" v="tertiary"/>
  <tag k="lanes" v="1"/>
  <tag k="name" v="TCE Road"/>
  <tag k="oneway" v="no"/>
  <tag k="surface" v="asphalt"/>
 </way>
 <way id="1166181695" visible="true" version="1" changeset="135434692" timestamp="2023-04-27T16:08:19Z" user="gbas" uid="19080331">
  <nd ref="10846678110"/>
  <nd ref="10846678109"/>
  <tag k="highway" v="service"/>
  <tag k="service" v="alley"/>
 </way>
 <way id="1166181696" visible="true" version="1" changeset="135434692" timestamp="2023-04-27T16:08:19Z" user="gbas" uid="19080331">
  <nd ref="10846678157"/>
  <nd ref="10846678156"/>
  <nd ref="10846678155"/>
  <nd ref="10846678154"/>
  <nd ref="10846678153"/>
  <nd ref="10846678152"/>
  <nd ref="10846678151"/>
  <nd ref="10846678150"/>
  <nd ref="10846678149"/>
  <nd ref="10846678148"/>
  <nd ref="10846678147"/>
  <nd ref="10846678146"/>
  <nd ref="10846678145"/>
  <nd ref="10846678144"/>
  <nd ref="10846678143"/>
  <nd ref="10846678142"/>
  <nd ref="10846678141"/>
  <nd ref="10846678140"/>
  <nd ref="10846678139"/>
  <nd ref="10846678138"/>
  <nd ref="10846678137"/>
  <nd ref="10846678136"/>
  <nd ref="10846678135"/>
  <nd ref="10846678134"/>
  <nd ref="10846678133"/>
  <nd ref="10846678132"/>
  <nd ref="10846678131"/>
  <nd ref="10846678130"/>
  <nd ref="10846678129"/>
  <nd ref="10846678128"/>
  <nd ref="10846678127"/>
  <nd ref="10846678126"/>
  <nd ref="10846678125"/>
  <nd ref="10846678124"/>
  <nd ref="10846678123"/>
  <nd ref="10846678122"/>
  <nd ref="10846678121"/>
  <nd ref="10846678120"/>
  <nd ref="10846678119"/>
  <nd ref="10846678118"/>
  <nd ref="10846678117"/>
  <nd ref="10846678116"/>
  <nd ref="10846678115"/>
  <nd ref="10846678114"/>
  <nd ref="10846678113"/>
  <nd ref="10846678112"/>
  <nd ref="10846678157"/>
  <tag k="natural" v="bare_rock"/>
 </way>
 <way id="1166181698" visible="true" version="1" changeset="135434692" timestamp="2023-04-27T16:08:19Z" user="gbas" uid="19080331">
  <nd ref="10846678321"/>
  <nd ref="10846678320"/>
  <nd ref="10846678319"/>
  <nd ref="10846678318"/>
  <nd ref="10846678317"/>
  <nd ref="10846678316"/>
  <nd ref="10846678315"/>
  <nd ref="10846678314"/>
  <nd ref="10846678313"/>
  <nd ref="10846678312"/>
  <nd ref="10846678311"/>
  <nd ref="10846678310"/>
  <nd ref="10846678309"/>
  <nd ref="10846678308"/>
  <nd ref="10846678307"/>
  <nd ref="10846678306"/>
  <nd ref="10846678305"/>
  <nd ref="10846678304"/>
  <nd ref="10846678303"/>
  <nd ref="10846678302"/>
  <nd ref="10846678301"/>
  <nd ref="10846678300"/>
  <nd ref="10846678299"/>
  <nd ref="10846678298"/>
  <nd ref="10846678297"/>
  <nd ref="10846678296"/>
  <nd ref="10846678295"/>
  <nd ref="10846678294"/>
  <nd ref="10846678293"/>
  <nd ref="10846678292"/>
  <nd ref="10846678291"/>
  <nd ref="10846678290"/>
  <nd ref="10846678289"/>
  <nd ref="10846678288"/>
  <nd ref="10846678287"/>
  <nd ref="10846678286"/>
  <nd ref="10846678285"/>
  <nd ref="10846678284"/>
  <nd ref="10846678283"/>
  <nd ref="10846678282"/>
  <nd ref="10846678281"/>
  <nd ref="10846678280"/>
  <nd ref="10846678279"/>
  <nd ref="10846678278"/>
  <nd ref="10846678277"/>
  <nd ref="10846678276"/>
  <nd ref="10846678275"/>
  <nd ref="10846678274"/>
  <nd ref="10846678273"/>
  <nd ref="10846678272"/>
  <nd ref="10846678271"/>
  <nd ref="10846678270"/>
  <nd ref="10846678269"/>
  <nd ref="10846678268"/>
  <nd ref="10846678267"/>
  <nd ref="10846678266"/>
  <nd ref="10846678265"/>
  <nd ref="10846678264"/>
  <nd ref="10846678263"/>
  <nd ref="10846678262"/>
  <nd ref="10846678261"/>
  <nd ref="10846678260"/>
  <nd ref="10846678259"/>
  <nd ref="10846678258"/>
  <nd ref="10846678257"/>
  <nd ref="10846678256"/>
  <nd ref="10846678255"/>
  <nd ref="10846678254"/>
  <nd ref="10846678253"/>
  <nd ref="10846678252"/>
  <nd ref="10846678251"/>
  <nd ref="10846678250"/>
  <nd ref="10846678249"/>
  <nd ref="10846678248"/>
  <nd ref="10846678247"/>
  <nd ref="10846678246"/>
  <nd ref="10846678245"/>
  <nd ref="10846678244"/>
  <nd ref="10846678243"/>
  <nd ref="10846678242"/>
  <nd ref="10846678241"/>
  <nd ref="10846678240"/>
  <nd ref="10846678239"/>
  <nd ref="10846678238"/>
  <nd ref="10846678237"/>
  <nd ref="10846678236"/>
  <nd ref="10846678235"/>
  <nd ref="10846678234"/>
  <nd ref="10846678233"/>
  <nd ref="10846678232"/>
  <nd ref="10846678231"/>
  <nd ref="10846678230"/>
  <nd ref="10846678229"/>
  <nd ref="10846678228"/>
  <nd ref="10846678227"/>
  <nd ref="10846678226"/>
  <nd ref="10846678225"/>
  <nd ref="10846678224"/>
  <nd ref="10846678223"/>
  <nd ref="10846678222"/>
  <nd ref="10846678221"/>
  <nd ref="10846678220"/>
  <nd ref="10846678219"/>
  <nd ref="10846678218"/>
  <nd ref="10846678217"/>
  <nd ref="10846678216"/>
  <nd ref="10846678215"/>
  <nd ref="10846678214"/>
  <nd ref="10846678213"/>
  <nd ref="10846678212"/>
  <nd ref="10846678211"/>
  <nd ref="10846678210"/>
  <nd ref="10846678209"/>
  <nd ref="10846678208"/>
  <nd ref="10846678207"/>
  <nd ref="10846678206"/>
  <nd ref="10846678205"/>
  <nd ref="10846678204"/>
  <nd ref="10846678203"/>
  <nd ref="10846678202"/>
  <nd ref="10846678201"/>
  <nd ref="10846678200"/>
  <nd ref="10846678199"/>
  <nd ref="10846678198"/>
  <nd ref="10846678197"/>
  <nd ref="10846678196"/>
  <nd ref="10846678195"/>
  <nd ref="10846678194"/>
  <nd ref="10846678193"/>
  <nd ref="10846678192"/>
  <nd ref="10846678191"/>
  <nd ref="10846678190"/>
  <nd ref="10846678189"/>
  <nd ref="10846678188"/>
  <nd ref="10846678187"/>
  <nd ref="10846678186"/>
  <nd ref="10846678185"/>
  <nd ref="10846678184"/>
  <nd ref="10846678183"/>
  <nd ref="10846678182"/>
  <nd ref="10846678181"/>
  <nd ref="10846678180"/>
  <nd ref="10846678179"/>
  <nd ref="10846678178"/>
  <nd ref="10846678177"/>
  <nd ref="10846678176"/>
  <nd ref="10846678175"/>
  <nd ref="10846678174"/>
  <nd ref="10846678173"/>
  <nd ref="10846678172"/>
  <nd ref="10846678171"/>
  <nd ref="10846678170"/>
  <nd ref="10846678169"/>
  <nd ref="10846678168"/>
  <nd ref="10846678167"/>
  <nd ref="10846678166"/>
  <nd ref="10846678165"/>
  <nd ref="10846678164"/>
  <nd ref="10846678163"/>
  <nd ref="10846678162"/>
  <nd ref="10846678161"/>
  <nd ref="10846678321"/>
  <tag k="natural" v="bare_rock"/>
 </way>
 <way id="1166181703" visible="true" version="1" changeset="135434692" timestamp="2023-04-27T16:08:19Z" user="gbas" uid="19080331">
  <nd ref="10846678417"/>
  <nd ref="10846678411"/>
  <nd ref="10846678410"/>
  <nd ref="10846678409"/>
  <nd ref="10846678408"/>
  <nd ref="10846678407"/>
  <nd ref="10846678406"/>
  <nd ref="10846678405"/>
  <nd ref="10846678404"/>
  <nd ref="10846678403"/>
  <nd ref="10846678402"/>
  <nd ref="10846678401"/>
  <nd ref="10846678400"/>
  <nd ref="10846678399"/>
  <nd ref="10846678398"/>
  <nd ref="10846678397"/>
  <nd ref="10846678396"/>
  <nd ref="10846678395"/>
  <nd ref="10846678394"/>
  <nd ref="10846678393"/>
  <nd ref="10846678392"/>
  <nd ref="10846678391"/>
  <nd ref="10846678390"/>
  <nd ref="10846678389"/>
  <nd ref="10846678388"/>
  <nd ref="10846678387"/>
  <nd ref="10846678386"/>
  <nd ref="10846678385"/>
  <nd ref="10846678384"/>
  <nd ref="10846678383"/>
  <nd ref="10846678382"/>
  <nd ref="10846678381"/>
  <nd ref="10846678380"/>
  <nd ref="10846678379"/>
  <nd ref="10846678378"/>
  <nd ref="10846678377"/>
  <nd ref="10846678376"/>
  <nd ref="10846678375"/>
  <nd ref="10846678374"/>
  <nd ref="10846678373"/>
  <nd ref="10846678372"/>
  <nd ref="10846678371"/>
  <nd ref="10846678370"/>
  <nd ref="10846678369"/>
  <nd ref="10846678368"/>
  <nd ref="10846678367"/>
  <nd ref="10846678366"/>
  <nd ref="10846678365"/>
  <nd ref="10846678364"/>
  <nd ref="10846678363"/>
  <nd ref="10846678362"/>
  <nd ref="10846678361"/>
  <nd ref="10846678360"/>
  <nd ref="10846678359"/>
  <nd ref="10807449162"/>
  <tag k="highway" v="path"/>
 </way>
 <way id="1166181704" visible="true" version="1" changeset="135434692" timestamp="2023-04-27T16:08:19Z" user="gbas" uid="19080331">
  <nd ref="10846678425"/>
  <nd ref="10846678421"/>
  <nd ref="10846678420"/>
  <nd ref="10846678419"/>
  <nd ref="10846678418"/>
  <nd ref="10846678417"/>
  <nd ref="10846678416"/>
  <nd ref="10846678415"/>
  <nd ref="10846678414"/>
  <nd ref="10846678413"/>
  <nd ref="10846678412"/>
  <nd ref="10846678427"/>
  <tag k="highway" v="service"/>
 </way>
 <way id="1166181705" visible="true" version="1" changeset="135434692" timestamp="2023-04-27T16:08:19Z" user="gbas" uid="19080331">
  <nd ref="10846649889"/>
  <nd ref="10846678453"/>
  <nd ref="10846678452"/>
  <nd ref="10846678451"/>
  <nd ref="10846678450"/>
  <nd ref="10846678449"/>
  <nd ref="10846678448"/>
  <nd ref="10846678447"/>
  <nd ref="10846678446"/>
  <nd ref="10846678445"/>
  <nd ref="10846678444"/>
  <nd ref="10846678443"/>
  <nd ref="10846678454"/>
  <nd ref="10846678442"/>
  <nd ref="10846678441"/>
  <nd ref="10846678440"/>
  <nd ref="10846678439"/>
  <nd ref="10846678438"/>
  <nd ref="10846678437"/>
  <nd ref="10846678436"/>
  <nd ref="10846678435"/>
  <nd ref="10846678434"/>
  <nd ref="10846678433"/>
  <nd ref="10846678432"/>
  <nd ref="10846678431"/>
  <nd ref="10846678430"/>
  <nd ref="10846678429"/>
  <nd ref="10846678428"/>
  <nd ref="10846678427"/>
  <tag k="highway" v="path"/>
 </way>
 <way id="1166181706" visible="true" version="1" changeset="135434692" timestamp="2023-04-27T16:08:19Z" user="gbas" uid="19080331">
  <nd ref="10807449129"/>
  <nd ref="10846678503"/>
  <nd ref="10846678502"/>
  <nd ref="10846678501"/>
  <nd ref="10846678500"/>
  <nd ref="10846678499"/>
  <nd ref="10846678498"/>
  <nd ref="10846678497"/>
  <nd ref="10846678496"/>
  <nd ref="10846678495"/>
  <nd ref="10846678494"/>
  <nd ref="10846678493"/>
  <nd ref="10846678492"/>
  <nd ref="10846678491"/>
  <nd ref="10846678490"/>
  <nd ref="10846678489"/>
  <nd ref="10846678488"/>
  <nd ref="10846678487"/>
  <nd ref="10846678486"/>
  <nd ref="10846678485"/>
  <nd ref="10846678484"/>
  <nd ref="10846678483"/>
  <nd ref="10846678482"/>
  <nd ref="10846678481"/>
  <nd ref="10846678480"/>
  <nd ref="10846678479"/>
  <nd ref="10846678478"/>
  <nd ref="10846678477"/>
  <nd ref="10846678476"/>
  <nd ref="10846678475"/>
  <nd ref="10846678474"/>
  <nd ref="10846678473"/>
  <nd ref="10846678472"/>
  <nd ref="10846678471"/>
  <nd ref="10846678470"/>
  <nd ref="10846678469"/>
  <nd ref="10846678468"/>
  <nd ref="10846678467"/>
  <nd ref="10846678466"/>
  <nd ref="10846678465"/>
  <nd ref="10846678464"/>
  <nd ref="10846678463"/>
  <nd ref="10846678462"/>
  <nd ref="10846678461"/>
  <nd ref="10846678460"/>
  <nd ref="10846678459"/>
  <nd ref="10846678458"/>
  <nd ref="10846678457"/>
  <nd ref="10846678456"/>
  <nd ref="10846678455"/>
  <nd ref="10846678454"/>
  <tag k="highway" v="path"/>
 </way>
 <way id="1166184257" visible="true" version="2" changeset="135479409" timestamp="2023-04-28T17:55:34Z" user="gbas" uid="19080331">
  <nd ref="10846703790"/>
  <nd ref="10846703789"/>
  <nd ref="10846703788"/>
  <nd ref="10846703787"/>
  <nd ref="10846703786"/>
  <nd ref="10846703785"/>
  <nd ref="10846703784"/>
  <nd ref="10846703783"/>
  <nd ref="10846703782"/>
  <nd ref="10846703781"/>
  <nd ref="10846703780"/>
  <nd ref="10846703779"/>
  <nd ref="10846703778"/>
  <nd ref="10846703777"/>
  <nd ref="10846703776"/>
  <nd ref="10846703775"/>
  <nd ref="10846703774"/>
  <nd ref="10846703773"/>
  <nd ref="10846703772"/>
  <nd ref="10846703771"/>
  <nd ref="10846703770"/>
  <nd ref="10846703769"/>
  <nd ref="10846703768"/>
  <nd ref="10846703767"/>
  <nd ref="10846703766"/>
  <nd ref="10846703765"/>
  <nd ref="10846703764"/>
  <nd ref="10846703763"/>
  <nd ref="10846703762"/>
  <nd ref="10846703761"/>
  <nd ref="10846703760"/>
  <nd ref="10846703759"/>
  <nd ref="10846703758"/>
  <nd ref="10846703757"/>
  <nd ref="10846703756"/>
  <nd ref="10846703755"/>
  <nd ref="10846703754"/>
  <nd ref="10846703753"/>
  <nd ref="10846703752"/>
  <nd ref="10846703751"/>
  <nd ref="10846703750"/>
  <nd ref="10846703749"/>
  <nd ref="10846703748"/>
  <nd ref="10846703747"/>
  <nd ref="10846703746"/>
  <nd ref="10846703745"/>
  <nd ref="10846703744"/>
  <nd ref="10846703743"/>
  <nd ref="10846703742"/>
  <nd ref="10846703741"/>
  <nd ref="10846703740"/>
  <nd ref="10846703739"/>
  <nd ref="10846703738"/>
  <nd ref="10846703737"/>
  <nd ref="10846703736"/>
  <nd ref="10846703735"/>
  <nd ref="10846703734"/>
  <nd ref="10846703733"/>
  <nd ref="10846703732"/>
  <nd ref="10846703731"/>
  <nd ref="10846703730"/>
  <nd ref="10846703729"/>
  <nd ref="10846703728"/>
  <nd ref="10846703727"/>
  <nd ref="10846703726"/>
  <nd ref="10846703725"/>
  <nd ref="10846703724"/>
  <nd ref="10846703723"/>
  <nd ref="10846703722"/>
  <nd ref="10846703721"/>
  <nd ref="10846703720"/>
  <nd ref="10846703719"/>
  <nd ref="10846703718"/>
  <nd ref="10846703717"/>
  <nd ref="10846703716"/>
  <nd ref="10846703715"/>
  <nd ref="10846703714"/>
  <nd ref="10846703713"/>
  <nd ref="10846703712"/>
  <nd ref="10846703711"/>
  <nd ref="10846703710"/>
  <nd ref="10853223975"/>
  <nd ref="10846703709"/>
  <nd ref="10846703708"/>
  <nd ref="10846703707"/>
  <nd ref="10846703706"/>
  <nd ref="10846703705"/>
  <nd ref="10846703704"/>
  <nd ref="10846703703"/>
  <nd ref="10846703702"/>
  <nd ref="10846703701"/>
  <nd ref="10846703700"/>
  <nd ref="10846703699"/>
  <nd ref="10846703698"/>
  <nd ref="10846703697"/>
  <nd ref="10846703696"/>
  <nd ref="10846703695"/>
  <nd ref="10846703694"/>
  <nd ref="10846703693"/>
  <nd ref="10846703692"/>
  <nd ref="10846703691"/>
  <nd ref="10846703690"/>
  <nd ref="10846703689"/>
  <nd ref="10846703688"/>
  <nd ref="10846703687"/>
  <nd ref="10846703686"/>
  <nd ref="10846703685"/>
  <nd ref="10846703684"/>
  <nd ref="10846703683"/>
  <nd ref="10846703682"/>
  <nd ref="10846703681"/>
  <nd ref="10846703680"/>
  <nd ref="10846703679"/>
  <nd ref="10846703678"/>
  <nd ref="10846703677"/>
  <nd ref="10846703676"/>
  <nd ref="10846703675"/>
  <nd ref="10846703674"/>
  <nd ref="10846703673"/>
  <nd ref="10846703790"/>
  <tag k="landuse" v="residential"/>
 </way>
 <way id="1167168769" visible="true" version="1" changeset="135479409" timestamp="2023-04-28T17:55:34Z" user="gbas" uid="19080331">
  <nd ref="10853234134"/>
  <nd ref="10853234048"/>
  <nd ref="10853234047"/>
  <nd ref="10853234106"/>
  <nd ref="10853234107"/>
  <nd ref="10853234108"/>
  <nd ref="10853234109"/>
  <nd ref="10853234104"/>
  <nd ref="10853234046"/>
  <nd ref="10853234105"/>
  <nd ref="10853234066"/>
  <nd ref="10853234067"/>
  <nd ref="10853234045"/>
  <nd ref="10853234073"/>
  <nd ref="10853234074"/>
  <nd ref="10853234044"/>
  <nd ref="10853234075"/>
  <nd ref="10853234076"/>
  <nd ref="10853234077"/>
  <nd ref="10853234078"/>
  <nd ref="10853234043"/>
  <nd ref="10853234042"/>
  <nd ref="10853234041"/>
  <nd ref="10853234040"/>
  <nd ref="10853234214"/>
  <nd ref="10853234215"/>
  <nd ref="10853234216"/>
  <nd ref="10853234217"/>
  <nd ref="10853234218"/>
  <nd ref="10853234219"/>
  <nd ref="10853234220"/>
  <nd ref="10853234221"/>
  <nd ref="10853234222"/>
  <nd ref="10853234223"/>
  <nd ref="10853234224"/>
  <nd ref="10853234225"/>
  <nd ref="10853234226"/>
  <nd ref="10853234227"/>
  <nd ref="10853234228"/>
  <nd ref="10853234185"/>
  <nd ref="10853234186"/>
  <nd ref="10853234187"/>
  <nd ref="10853234188"/>
  <nd ref="10853234189"/>
  <nd ref="10853234190"/>
  <nd ref="10853234191"/>
  <nd ref="10853234192"/>
  <nd ref="10853234193"/>
  <nd ref="10853234194"/>
  <nd ref="10853234195"/>
  <nd ref="10853234196"/>
  <nd ref="10853234197"/>
  <nd ref="10853234198"/>
  <nd ref="10853234199"/>
  <nd ref="10853234200"/>
  <nd ref="10853234201"/>
  <nd ref="10853234202"/>
  <nd ref="10853234203"/>
  <nd ref="10853234204"/>
  <nd ref="10853234039"/>
  <nd ref="10853234038"/>
  <nd ref="10853234037"/>
  <nd ref="10853234036"/>
  <nd ref="10853234035"/>
  <nd ref="10853234034"/>
  <nd ref="10853234033"/>
  <nd ref="10853234032"/>
  <nd ref="10853234031"/>
  <nd ref="7080040296"/>
  <nd ref="7080040297"/>
  <nd ref="7080040298"/>
  <nd ref="7080040299"/>
  <nd ref="7080040300"/>
  <nd ref="7080040301"/>
  <nd ref="7080040302"/>
  <nd ref="10853234030"/>
  <nd ref="10853234029"/>
  <nd ref="10853234028"/>
  <nd ref="10853234027"/>
  <nd ref="10853234026"/>
  <nd ref="10853234025"/>
  <nd ref="10853234024"/>
  <nd ref="10853234023"/>
  <nd ref="10853234022"/>
  <nd ref="10853234021"/>
  <nd ref="10853234020"/>
  <nd ref="10853234019"/>
  <nd ref="10853234144"/>
  <nd ref="10853234145"/>
  <nd ref="10853234146"/>
  <nd ref="10853234147"/>
  <nd ref="10853234148"/>
  <nd ref="10853234139"/>
  <nd ref="10853234140"/>
  <nd ref="10853234018"/>
  <nd ref="10853234017"/>
  <nd ref="10853234016"/>
  <nd ref="10853234015"/>
  <nd ref="10853234014"/>
  <nd ref="10846704082"/>
  <nd ref="10853234013"/>
  <nd ref="10846704083"/>
  <nd ref="10853234174"/>
  <nd ref="10853234175"/>
  <nd ref="10853234176"/>
  <nd ref="10853234177"/>
  <nd ref="10853234178"/>
  <nd ref="10853234179"/>
  <nd ref="10853234180"/>
  <nd ref="10853234181"/>
  <nd ref="10853234182"/>
  <nd ref="10853234183"/>
  <nd ref="10853234184"/>
  <nd ref="10853234173"/>
  <nd ref="10846704086"/>
  <nd ref="10846704087"/>
  <nd ref="10846704088"/>
  <nd ref="10846704089"/>
  <nd ref="10846704090"/>
  <nd ref="10846704091"/>
  <nd ref="10846704092"/>
  <nd ref="10846704093"/>
  <nd ref="10846704094"/>
  <nd ref="10846704095"/>
  <nd ref="10846704096"/>
  <nd ref="10846704097"/>
  <nd ref="10846704098"/>
  <nd ref="10846704099"/>
  <nd ref="10846704100"/>
  <nd ref="10846704101"/>
  <nd ref="10846704102"/>
  <nd ref="10846704103"/>
  <nd ref="10853234012"/>
  <nd ref="10853234011"/>
  <nd ref="10853234010"/>
  <nd ref="10853234009"/>
  <nd ref="10853234008"/>
  <nd ref="10853234007"/>
  <nd ref="10853234006"/>
  <nd ref="10853234005"/>
  <nd ref="10853224004"/>
  <nd ref="10853224003"/>
  <nd ref="10853224002"/>
  <nd ref="10853224001"/>
  <nd ref="10853224000"/>
  <nd ref="10853223999"/>
  <nd ref="10853223998"/>
  <nd ref="10853223997"/>
  <nd ref="10853223996"/>
  <nd ref="10853223995"/>
  <nd ref="10853223994"/>
  <nd ref="10853223993"/>
  <nd ref="10853223992"/>
  <nd ref="10853223991"/>
  <nd ref="10853223990"/>
  <nd ref="10853223989"/>
  <nd ref="10853223988"/>
  <nd ref="10853223987"/>
  <nd ref="10853223986"/>
  <nd ref="10853223985"/>
  <nd ref="10853223984"/>
  <nd ref="10853223983"/>
  <nd ref="10853223982"/>
  <nd ref="10853223981"/>
  <nd ref="10853223980"/>
  <nd ref="10853223979"/>
  <nd ref="10853223978"/>
  <nd ref="10853223977"/>
  <nd ref="10853223976"/>
  <nd ref="10846703709"/>
  <nd ref="10853223975"/>
  <nd ref="10846703710"/>
  <nd ref="10846703711"/>
  <nd ref="10846703712"/>
  <nd ref="10846703713"/>
  <nd ref="10846703714"/>
  <nd ref="10846703715"/>
  <nd ref="10846703716"/>
  <nd ref="10846703717"/>
  <nd ref="10846703718"/>
  <nd ref="10846703719"/>
  <nd ref="10846703720"/>
  <nd ref="10846703721"/>
  <nd ref="10846703722"/>
  <nd ref="10846703723"/>
  <nd ref="10846703724"/>
  <nd ref="10846703725"/>
  <nd ref="10846703726"/>
  <nd ref="10846703727"/>
  <nd ref="10846703728"/>
  <nd ref="10846703729"/>
  <nd ref="10846703730"/>
  <nd ref="10846703731"/>
  <nd ref="10846703732"/>
  <nd ref="10846703733"/>
  <nd ref="10846703734"/>
  <nd ref="10846703735"/>
  <nd ref="10846703736"/>
  <nd ref="10846703737"/>
  <nd ref="10846703738"/>
  <nd ref="10853223974"/>
  <nd ref="10853223973"/>
  <nd ref="10853223972"/>
  <nd ref="10853223971"/>
  <nd ref="10853223970"/>
  <nd ref="10853234138"/>
  <nd ref="10853223969"/>
  <nd ref="10853234137"/>
  <nd ref="10853234136"/>
  <nd ref="10853234135"/>
  <nd ref="10853234134"/>
 </way>
 <way id="1167168773" visible="true" version="1" changeset="135479409" timestamp="2023-04-28T17:55:34Z" user="gbas" uid="19080331">
  <nd ref="10853234138"/>
  <nd ref="10853223969"/>
  <nd ref="10853234137"/>
  <nd ref="10853234136"/>
  <nd ref="10853234135"/>
  <nd ref="10853234134"/>
  <nd ref="10853234133"/>
  <nd ref="10853234132"/>
  <nd ref="10853234131"/>
  <nd ref="10853234130"/>
  <nd ref="10853234129"/>
  <nd ref="10853234128"/>
  <nd ref="10853234127"/>
  <nd ref="10853234138"/>
  <tag k="landuse" v="residential"/>
 </way>
 <way id="1167168800" visible="true" version="1" changeset="135479409" timestamp="2023-04-28T17:55:34Z" user="gbas" uid="19080331">
  <nd ref="10853234305"/>
  <nd ref="10853234304"/>
  <nd ref="10853234303"/>
  <tag k="highway" v="residential"/>
 </way>
 <way id="1167168801" visible="true" version="1" changeset="135479409" timestamp="2023-04-28T17:55:34Z" user="gbas" uid="19080331">
  <nd ref="10853234309"/>
  <nd ref="10853234307"/>
  <nd ref="10853234308"/>
  <tag k="highway" v="residential"/>
 </way>
 <way id="1167168802" visible="true" version="1" changeset="135479409" timestamp="2023-04-28T17:55:34Z" user="gbas" uid="19080331">
  <nd ref="10853234312"/>
  <nd ref="10853234310"/>
  <nd ref="10853234311"/>
  <tag k="highway" v="residential"/>
 </way>
 <way id="1167168804" visible="true" version="1" changeset="135479409" timestamp="2023-04-28T17:55:34Z" user="gbas" uid="19080331">
  <nd ref="10853234317"/>
  <nd ref="10853234313"/>
  <nd ref="10853234316"/>
  <tag k="highway" v="residential"/>
 </way>
 <way id="1167168805" visible="true" version="1" changeset="135479409" timestamp="2023-04-28T17:55:34Z" user="gbas" uid="19080331">
  <nd ref="10853234319"/>
  <nd ref="10853234315"/>
  <nd ref="10853234318"/>
  <tag k="highway" v="residential"/>
 </way>
 <way id="1167171226" visible="true" version="1" changeset="135479832" timestamp="2023-04-28T18:11:23Z" user="gbas" uid="19080331">
  <nd ref="10853254364"/>
  <nd ref="10853254363"/>
  <tag k="highway" v="residential"/>
 </way>
 <way id="1167171227" visible="true" version="1" changeset="135479832" timestamp="2023-04-28T18:11:23Z" user="gbas" uid="19080331">
  <nd ref="10853254368"/>
  <nd ref="10853254367"/>
  <nd ref="10853254366"/>
  <tag k="highway" v="residential"/>
 </way>
 <way id="1167171228" visible="true" version="1" changeset="135479832" timestamp="2023-04-28T18:11:23Z" user="gbas" uid="19080331">
  <nd ref="10853254371"/>
  <nd ref="10853254370"/>
  <tag k="highway" v="residential"/>
 </way>
 <way id="1167171229" visible="true" version="1" changeset="135479832" timestamp="2023-04-28T18:11:23Z" user="gbas" uid="19080331">
  <nd ref="10853254373"/>
  <nd ref="10853254372"/>
  <tag k="highway" v="residential"/>
 </way>
 <way id="1167171236" visible="true" version="1" changeset="135479832" timestamp="2023-04-28T18:11:23Z" user="gbas" uid="19080331">
  <nd ref="10853254393"/>
  <nd ref="10853254394"/>
  <nd ref="10853254395"/>
  <nd ref="10853254396"/>
  <nd ref="10853254397"/>
  <nd ref="10853254398"/>
  <nd ref="10853254399"/>
  <nd ref="10853254400"/>
  <nd ref="9855686909"/>
  <nd ref="4933102741"/>
  <tag k="highway" v="residential"/>
  <tag k="source" v="maxar"/>
 </way>
 <way id="1167171239" visible="true" version="1" changeset="135479832" timestamp="2023-04-28T18:11:23Z" user="gbas" uid="19080331">
  <nd ref="4933102741"/>
  <nd ref="4933102742"/>
  <nd ref="4933102743"/>
  <nd ref="4933102744"/>
  <nd ref="4933102745"/>
  <nd ref="4933102739"/>
  <tag k="highway" v="residential"/>
 </way>
 <way id="1167171240" visible="true" version="1" changeset="135479832" timestamp="2023-04-28T18:11:23Z" user="gbas" uid="19080331">
  <nd ref="10853254427"/>
  <nd ref="10853254422"/>
  <nd ref="10853254428"/>
  <nd ref="10853254429"/>
  <nd ref="10853254430"/>
  <nd ref="10853254431"/>
  <nd ref="10853254432"/>
  <nd ref="10853254426"/>
  <nd ref="10853254433"/>
  <nd ref="10853254359"/>
  <nd ref="4933102746"/>
  <nd ref="4933102740"/>
  <nd ref="4933102751"/>
  <nd ref="4933102741"/>
  <tag k="highway" v="residential"/>
 </way>
 <way id="1358967697" visible="true" version="1" changeset="162376328" timestamp="2025-02-11T05:31:55Z" user="krishnaprasath" uid="22484704">
  <nd ref="12578111774"/>
  <nd ref="12578111775"/>
  <tag k="highway" v="path"/>
  <tag k="horse" v="permissive"/>
  <tag k="motor_vehicle" v="yes"/>
  <tag k="name" v="path to main building"/>
  <tag k="surface" v="concrete"/>
 </way>
 <way id="1358967698" visible="true" version="1" changeset="162376328" timestamp="2025-02-11T05:31:55Z" user="krishnaprasath" uid="22484704">
  <nd ref="12578111778"/>
  <nd ref="12578111790"/>
  <nd ref="12578198436"/>
  <nd ref="12578111779"/>
  <tag k="highway" v="path"/>
 </way>
 <way id="1358967699" visible="true" version="2" changeset="162460615" timestamp="2025-02-13T10:23:33Z" user="krishnaprasath" uid="22484704">
  <nd ref="12578111780"/>
  <nd ref="12578111781"/>
  <tag k="highway" v="path"/>
  <tag k="horse" v="no"/>
  <tag k="informal" v="yes"/>
  <tag k="motor_vehicle" v="yes"/>
 </way>
 <way id="1358967700" visible="true" version="2" changeset="162460615" timestamp="2025-02-13T10:23:33Z" user="krishnaprasath" uid="22484704">
  <nd ref="12578111782"/>
  <nd ref="12578111793"/>
  <nd ref="12578111794"/>
  <nd ref="12578111783"/>
  <tag k="highway" v="service"/>
 </way>
 <way id="1358967701" visible="true" version="1" changeset="162376328" timestamp="2025-02-11T05:31:55Z" user="krishnaprasath" uid="22484704">
  <nd ref="12578111784"/>
  <nd ref="12578111785"/>
  <tag k="highway" v="footway"/>
 </way>
 <way id="1358967702" visible="true" version="1" changeset="162376328" timestamp="2025-02-11T05:31:55Z" user="krishnaprasath" uid="22484704">
  <nd ref="12578111788"/>
  <nd ref="12578111789"/>
  <tag k="highway" v="path"/>
 </way>
 <way id="1358967703" visible="true" version="1" changeset="162376328" timestamp="2025-02-11T05:31:55Z" user="krishnaprasath" uid="22484704">
  <nd ref="12578111790"/>
  <nd ref="12578111791"/>
  <nd ref="12578111792"/>
  <nd ref="12578111793"/>
  <tag k="highway" v="footway"/>
 </way>
 <way id="1358967704" visible="true" version="1" changeset="162376328" timestamp="2025-02-11T05:31:55Z" user="krishnaprasath" uid="22484704">
  <nd ref="12578111794"/>
  <nd ref="12578111795"/>
  <nd ref="12578111796"/>
  <nd ref="12578111797"/>
  <nd ref="12578111798"/>
  <tag k="highway" v="footway"/>
 </way>
 <way id="1358967705" visible="true" version="1" changeset="162376328" timestamp="2025-02-11T05:31:55Z" user="krishnaprasath" uid="22484704">
  <nd ref="12578111797"/>
  <nd ref="12578198401"/>
  <nd ref="12578111799"/>
  <nd ref="12578111800"/>
  <nd ref="12578198427"/>
  <nd ref="12578111785"/>
  <tag k="highway" v="footway"/>
 </way>
 <way id="1358967706" visible="true" version="1" changeset="162376328" timestamp="2025-02-11T05:31:55Z" user="krishnaprasath" uid="22484704">
  <nd ref="12578198401"/>
  <nd ref="12578111787"/>
  <tag k="highway" v="footway"/>
 </way>
 <way id="1358967707" visible="true" version="1" changeset="162376328" timestamp="2025-02-11T05:31:55Z" user="krishnaprasath" uid="22484704">
  <nd ref="12578111794"/>
  <nd ref="12578198402"/>
  <nd ref="7055147816"/>
  <nd ref="12578198403"/>
  <tag k="highway" v="footway"/>
  <tag k="layer" v="-1"/>
 </way>
 <way id="1358967708" visible="true" version="1" changeset="162376328" timestamp="2025-02-11T05:31:55Z" user="krishnaprasath" uid="22484704">
  <nd ref="12578198403"/>
  <nd ref="12578198405"/>
  <nd ref="12578198404"/>
  <tag k="highway" v="footway"/>
 </way>
 <way id="1358967709" visible="true" version="1" changeset="162376328" timestamp="2025-02-11T05:31:55Z" user="krishnaprasath" uid="22484704">
  <nd ref="12578198405"/>
  <nd ref="12578198406"/>
  <nd ref="12578198407"/>
  <tag k="highway" v="footway"/>
 </way>
 <way id="1358967710" visible="true" version="2" changeset="162460615" timestamp="2025-02-13T10:23:33Z" user="krishnaprasath" uid="22484704">
  <nd ref="2517275644"/>
  <nd ref="12578198431"/>
  <nd ref="12578198408"/>
  <nd ref="7055147810"/>
  <tag k="highway" v="service"/>
 </way>
 <way id="1358967711" visible="true" version="1" changeset="162376328" timestamp="2025-02-11T05:31:55Z" user="krishnaprasath" uid="22484704">
  <nd ref="12578198408"/>
  <nd ref="12578198409"/>
  <nd ref="7055147780"/>
  <nd ref="7055147779"/>
  <tag k="highway" v="footway"/>
  <tag k="layer" v="-1"/>
 </way>
 <way id="1358967712" visible="true" version="1" changeset="162376328" timestamp="2025-02-11T05:31:55Z" user="krishnaprasath" uid="22484704">
  <nd ref="12578198410"/>
  <nd ref="12578198411"/>
  <nd ref="12578198412"/>
  <tag k="highway" v="footway"/>
 </way>
 <way id="1358967713" visible="true" version="1" changeset="162376328" timestamp="2025-02-11T05:31:55Z" user="krishnaprasath" uid="22484704">
  <nd ref="12578198413"/>
  <nd ref="12578198417"/>
  <nd ref="12578198414"/>
  <nd ref="12578198415"/>
  <nd ref="12578198416"/>
  <tag k="highway" v="path"/>
 </way>
 <way id="1358967714" visible="true" version="1" changeset="162376328" timestamp="2025-02-11T05:31:55Z" user="krishnaprasath" uid="22484704">
  <nd ref="12578198417"/>
  <nd ref="12578198412"/>
  <tag k="highway" v="path"/>
 </way>
 <way id="1358967715" visible="true" version="1" changeset="162376328" timestamp="2025-02-11T05:31:55Z" user="krishnaprasath" uid="22484704">
  <nd ref="12578198412"/>
  <nd ref="12578198418"/>
  <nd ref="12578198419"/>
  <tag k="highway" v="footway"/>
  <tag k="layer" v="-1"/>
 </way>
 <way id="1358967716" visible="true" version="1" changeset="162376328" timestamp="2025-02-11T05:31:55Z" user="krishnaprasath" uid="22484704">
  <nd ref="353195055"/>
  <nd ref="12578198420"/>
  <tag k="highway" v="path"/>
 </way>
 <way id="1358967717" visible="true" version="1" changeset="162376328" timestamp="2025-02-11T05:31:55Z" user="krishnaprasath" uid="22484704">
  <nd ref="12578198421"/>
  <nd ref="12578198422"/>
  <tag k="highway" v="footway"/>
 </way>
 <way id="1358967718" visible="true" version="1" changeset="162376328" timestamp="2025-02-11T05:31:55Z" user="krishnaprasath" uid="22484704">
  <nd ref="12578198423"/>
  <nd ref="12578198424"/>
  <tag k="highway" v="footway"/>
 </way>
 <way id="1358967719" visible="true" version="1" changeset="162376328" timestamp="2025-02-11T05:31:55Z" user="krishnaprasath" uid="22484704">
  <nd ref="12578198425"/>
  <nd ref="12578198428"/>
  <nd ref="12578111785"/>
  <tag k="highway" v="footway"/>
 </way>
 <way id="1358967720" visible="true" version="1" changeset="162376328" timestamp="2025-02-11T05:31:55Z" user="krishnaprasath" uid="22484704">
  <nd ref="12578111779"/>
  <nd ref="12578198426"/>
  <nd ref="12578198427"/>
  <tag k="highway" v="footway"/>
  <tag k="layer" v="-1"/>
 </way>
 <way id="1358967721" visible="true" version="1" changeset="162376328" timestamp="2025-02-11T05:31:55Z" user="krishnaprasath" uid="22484704">
  <nd ref="12578198429"/>
  <nd ref="12578198430"/>
  <tag k="highway" v="footway"/>
 </way>
 <way id="1358967722" visible="true" version="1" changeset="162376328" timestamp="2025-02-11T05:31:55Z" user="krishnaprasath" uid="22484704">
  <nd ref="12578198405"/>
  <nd ref="12578198431"/>
  <tag k="highway" v="path"/>
 </way>
 <way id="1358967723" visible="true" version="1" changeset="162376328" timestamp="2025-02-11T05:31:55Z" user="krishnaprasath" uid="22484704">
  <nd ref="12578198432"/>
  <nd ref="12578198433"/>
  <tag k="highway" v="path"/>
 </way>
 <way id="1358967724" visible="true" version="1" changeset="162376328" timestamp="2025-02-11T05:31:55Z" user="krishnaprasath" uid="22484704">
  <nd ref="7055147770"/>
  <nd ref="12578198432"/>
  <tag k="highway" v="footway"/>
 </way>
 <way id="1358967725" visible="true" version="1" changeset="162376328" timestamp="2025-02-11T05:31:55Z" user="krishnaprasath" uid="22484704">
  <nd ref="12578198432"/>
  <nd ref="12578198434"/>
  <nd ref="12578198435"/>
  <nd ref="12578111789"/>
  <tag k="highway" v="path"/>
 </way>
 <way id="1358967726" visible="true" version="1" changeset="162376328" timestamp="2025-02-11T05:31:55Z" user="krishnaprasath" uid="22484704">
  <nd ref="7055147770"/>
  <nd ref="12578111798"/>
  <nd ref="7055147769"/>
  <nd ref="12578111783"/>
  <nd ref="7055147780"/>
  <tag k="highway" v="footway"/>
 </way>
 <way id="1358967727" visible="true" version="1" changeset="162376328" timestamp="2025-02-11T05:31:55Z" user="krishnaprasath" uid="22484704">
  <nd ref="12578198433"/>
  <nd ref="12578198413"/>
  <nd ref="12578198410"/>
  <tag k="highway" v="footway"/>
 </way>
 <way id="1381625755" visible="true" version="1" changeset="165498408" timestamp="2025-04-27T10:12:08Z" user="Diravia Sundaram" uid="22837863">
  <nd ref="12791375828"/>
  <nd ref="12791375829"/>
  <nd ref="12791375830"/>
  <nd ref="12791375831"/>
  <nd ref="12791375828"/>
  <tag k="area" v="yes"/>
  <tag k="level" v="1"/>
  <tag k="name" v="Multicore Lab"/>
 </way>
 <way id="1381639321" visible="true" version="3" changeset="165502381" timestamp="2025-04-27T12:00:02Z" user="Diravia Sundaram" uid="22837863">
  <nd ref="2517275654"/>
  <nd ref="7055147801"/>
  <tag k="highway" v="service"/>
  <tag k="lane" v="1"/>
  <tag k="name" v="cse road"/>
 </way>
 <way id="1469987894" visible="true" version="2" changeset="177637121" timestamp="2026-01-24T08:21:51Z" user="One-Above-All" uid="17417033">
  <nd ref="13481388474"/>
  <nd ref="2178158101"/>
  <nd ref="10807449115"/>
  <nd ref="10846678110"/>
  <nd ref="353194998"/>
  <nd ref="7055147766"/>
  <tag k="highway" v="tertiary"/>
  <tag k="lanes" v="1"/>
  <tag k="lit" v="yes"/>
  <tag k="name" v="TCE Road"/>
  <tag k="oneway" v="no"/>
  <tag k="sidewalk" v="left"/>
  <tag k="surface" v="asphalt"/>
 </way>
 <way id="1482831451" visible="true" version="1" changeset="179028028" timestamp="2026-02-25T09:58:44Z" user="Shriraam" uid="23868703">
  <nd ref="7055147766"/>
  <nd ref="353195000"/>
  <nd ref="353195001"/>
  <nd ref="353195029"/>
  <nd ref="353195053"/>
  <nd ref="12578198423"/>
  <nd ref="7055147922"/>
  <nd ref="2517275659"/>
  <nd ref="7055147920"/>
  <nd ref="13597653965"/>
  <nd ref="10846678109"/>
  <nd ref="13597653966"/>
  <nd ref="7055147949"/>
  <nd ref="7055147766"/>
  <tag k="area" v="yes"/>
  <tag k="layer" v="1"/>
  <tag k="name" v="TCE COLLEGE MEN'S HOSTEL"/>
 </way>
 <relation id="15776173" visible="true" version="1" changeset="135434692" timestamp="2023-04-27T16:08:19Z" user="gbas" uid="19080331">
  <member type="way" ref="1166181698" role="inner"/>
  <member type="way" ref="758133415" role="outer"/>
  <member type="way" ref="1166181696" role="inner"/>
  <tag k="name" v="Koodal Malai"/>
  <tag k="natural" v="scrub"/>
  <tag k="type" v="multipolygon"/>
 </relation>
 <relation id="15781148" visible="true" version="1" changeset="135479409" timestamp="2023-04-28T17:55:34Z" user="gbas" uid="19080331">
  <member type="way" ref="1167168778" role="inner"/>
  <member type="way" ref="1167168769" role="outer"/>
  <tag k="landuse" v="farmland"/>
  <tag k="type" v="multipolygon"/>
 </relation>
</osm>
